{
  "lora": {
    "acc_mean": 52.35,
    "acc_std": 0.4182343840479879,
    "auc_mean": 0.9024052744444443,
    "auc_std": 0.0007756888833550154,
    "f1_mean": 0.5175953048187737,
    "f1_std": 0.005349765612960728,
    "min_cacc_mean": 32.5,
    "min_cacc_std": 0.9695359714832668
  },
  "dann_gate": {
    "acc_mean": 52.13399999999999,
    "acc_std": 0.35154516068351643,
    "auc_mean": 0.9020828133333332,
    "auc_std": 0.0009204778248118569,
    "f1_mean": 0.5140908369254827,
    "f1_std": 0.003576858142777109,
    "min_cacc_mean": 33.279999999999994,
    "min_cacc_std": 4.333774336533918
  }
}