{
  "lora": {
    "acc_mean": 49.961999999999996,
    "acc_std": 0.26278508329050976,
    "auc_mean": 0.9038729299999998,
    "auc_std": 0.0004772954348911623,
    "f1_mean": 0.4864463545597861,
    "f1_std": 0.011625411209396306,
    "min_cacc_mean": 16.339999999999996,
    "min_cacc_std": 9.91173042409851
  },
  "dann_gate": {
    "acc_mean": 49.036,
    "acc_std": 0.33386224704210055,
    "auc_mean": 0.9027971855555554,
    "auc_std": 0.0005885113117911597,
    "f1_mean": 0.4718999144038758,
    "f1_std": 0.005904895940839297,
    "min_cacc_mean": 11.4,
    "min_cacc_std": 1.532318504750236
  }
}