{
  "lora": {
    "acc_mean": 49.638,
    "acc_std": 0.7168374990191287,
    "auc_mean": 0.9037926022222221,
    "auc_std": 0.0006612409421032256,
    "f1_mean": 0.48265466251468175,
    "f1_std": 0.01718085935831329,
    "min_cacc_mean": 17.240000000000002,
    "min_cacc_std": 11.748804194470177
  },
  "dann_gate": {
    "acc_mean": 53.013999999999996,
    "acc_std": 0.7367116125051928,
    "auc_mean": 0.8933490022222221,
    "auc_std": 0.0024469457655918775,
    "f1_mean": 0.5277567708135085,
    "f1_std": 0.00809657559513059,
    "min_cacc_mean": 29.120000000000005,
    "min_cacc_std": 5.339812730798713
  }
}