{
  "lora": {
    "acc_mean": 53.480000000000004,
    "acc_std": 0.3250230761038378,
    "auc_mean": 0.8979405277777778,
    "auc_std": 0.000834710429326868,
    "f1_mean": 0.5339596826613041,
    "f1_std": 0.006713875143728376,
    "min_cacc_mean": 34.459999999999994,
    "min_cacc_std": 4.987023160162784
  },
  "dann_gate": {
    "acc_mean": 46.09400000000001,
    "acc_std": 2.1273232006444145,
    "auc_mean": 0.8686146977777778,
    "auc_std": 0.005526101850894969,
    "f1_mean": 0.4495156822312808,
    "f1_std": 0.02836438684679845,
    "min_cacc_mean": 14.779999999999998,
    "min_cacc_std": 12.113859830788863
  }
}