{
  "lora": {
    "acc_mean": 53.214,
    "acc_std": 0.1865046916299959,
    "auc_mean": 0.8975267044444444,
    "auc_std": 0.0005476727711546389,
    "f1_mean": 0.5337661278786979,
    "f1_std": 0.002231827657951304,
    "min_cacc_mean": 33.760000000000005,
    "min_cacc_std": 5.3794423502813
  },
  "dann_gate": {
    "acc_mean": 53.04600000000001,
    "acc_std": 0.28316779477899795,
    "auc_mean": 0.8963555655555554,
    "auc_std": 0.0009023830066736988,
    "f1_mean": 0.5281285851668984,
    "f1_std": 0.0055074623983643696,
    "min_cacc_mean": 32.62,
    "min_cacc_std": 3.601333086511161
  }
}