{
  "lora": {
    "acc_mean": 48.988,
    "acc_std": 0.29969317643216375,
    "auc_mean": 0.8759071888888889,
    "auc_std": 0.0006908636338617246,
    "f1_mean": 0.48661685324010423,
    "f1_std": 0.0036400473794708705,
    "min_cacc_mean": 30.919999999999998,
    "min_cacc_std": 3.7139736132611394
  },
  "dann_gate": {
    "acc_mean": 48.937999999999995,
    "acc_std": 0.406861155678445,
    "auc_mean": 0.8766052588888888,
    "auc_std": 0.0009393878325777064,
    "f1_mean": 0.4860226785649167,
    "f1_std": 0.00511105765683391,
    "min_cacc_mean": 31.619999999999997,
    "min_cacc_std": 1.5157836257197133
  }
}