{
  "lora_10": {
    "acc_mean": 43.368,
    "acc_std": 0.49068931107168173,
    "auc_mean": 0.8610665322222222,
    "auc_std": 0.0006396737733706883,
    "f1_mean": 0.42314837071569256,
    "f1_std": 0.006723246384021297,
    "min_cacc_mean": 20.68,
    "min_cacc_std": 3.297514215283992
  },
  "dann_gate_10": {
    "acc_mean": 46.62599999999999,
    "acc_std": 3.6757290433327654,
    "auc_mean": 0.8733117322222222,
    "auc_std": 0.009545158668278386,
    "f1_mean": 0.45364372764986205,
    "f1_std": 0.04480361871040663,
    "min_cacc_mean": 13.14,
    "min_cacc_std": 10.619529179770634
  }
}