{
  "lora_10": {
    "acc_mean": 47.742,
    "acc_std": 0.379757817562719,
    "auc_mean": 0.8752417944444444,
    "auc_std": 0.001537224190698698,
    "f1_mean": 0.4749605676318681,
    "f1_std": 0.003189461904206476,
    "min_cacc_mean": 27.959999999999997,
    "min_cacc_std": 2.607374158037161
  },
  "dann_gate_10": {
    "acc_mean": 47.794,
    "acc_std": 0.4011284083681914,
    "auc_mean": 0.8750032300000001,
    "auc_std": 0.0018718196675717859,
    "f1_mean": 0.47327199916028545,
    "f1_std": 0.0035877253450422595,
    "min_cacc_mean": 28.119999999999997,
    "min_cacc_std": 4.519026443826147
  }
}