{
  "lora_10": {
    "acc_mean": 43.136,
    "acc_std": 0.3238888698303796,
    "auc_mean": 0.8602940955555555,
    "auc_std": 0.0003345900089532719,
    "f1_mean": 0.4237135089305113,
    "f1_std": 0.004587885265701059,
    "min_cacc_mean": 20.139999999999997,
    "min_cacc_std": 4.10199951243293
  },
  "dann_gate_10": {
    "acc_mean": 43.221999999999994,
    "acc_std": 0.129522198869536,
    "auc_mean": 0.8605037966666668,
    "auc_std": 0.0005193526054238621,
    "f1_mean": 0.42144858135121205,
    "f1_std": 0.003954331712774078,
    "min_cacc_mean": 17.479999999999997,
    "min_cacc_std": 4.775520913994619
  }
}