{
  "lora": {
    "acc_mean": 65.56,
    "acc_std": 0.1069579356569672,
    "auc_mean": 0.9371727933333334,
    "auc_std": 0.0005266383574013503,
    "f1_mean": 0.6556285827127603,
    "f1_std": 0.0016981991634059676,
    "min_cacc_mean": 43.279999999999994,
    "min_cacc_std": 2.0053927296168186
  },
  "dann_gate": {
    "acc_mean": 49.076,
    "acc_std": 7.411096005315273,
    "auc_mean": 0.8887994377777778,
    "auc_std": 0.025773852790448214,
    "f1_mean": 0.46457907167179846,
    "f1_std": 0.09656892676470805,
    "min_cacc_mean": 18.18,
    "min_cacc_std": 11.56363264722639
  }
}