{
  "lora": {
    "acc_mean": 65.976,
    "acc_std": 0.3030247514642974,
    "auc_mean": 0.9363581255555555,
    "auc_std": 0.0009656990094853656,
    "f1_mean": 0.6583556974182564,
    "f1_std": 0.0026288298182063513,
    "min_cacc_mean": 42.239999999999995,
    "min_cacc_std": 4.005296493394716
  },
  "dann_gate": {
    "acc_mean": 53.714,
    "acc_std": 2.206133268866593,
    "auc_mean": 0.8997697600000001,
    "auc_std": 0.008424781837441626,
    "f1_mean": 0.5304958626439775,
    "f1_std": 0.026543900104494568,
    "min_cacc_mean": 22.34,
    "min_cacc_std": 4.460762266698373
  }
}