{
  "lora": {
    "acc_mean": 58.838,
    "acc_std": 0.46127648975424707,
    "auc_mean": 0.9168953644444444,
    "auc_std": 0.0008233556184988199,
    "f1_mean": 0.5848184627079303,
    "f1_std": 0.005495576684581345,
    "min_cacc_mean": 37.38,
    "min_cacc_std": 2.8180844557961704
  },
  "dann_gate": {
    "acc_mean": 58.964,
    "acc_std": 0.2397164992235632,
    "auc_mean": 0.9169256155555555,
    "auc_std": 0.0008713450714474857,
    "f1_mean": 0.5862838958138052,
    "f1_std": 0.0032655181705343738,
    "min_cacc_mean": 39.84,
    "min_cacc_std": 2.7141112725899785
  }
}