{
  "lora": {
    "acc_mean": 22.922,
    "acc_std": 1.7302416016267794,
    "auc_mean": 0.7202330800000001,
    "auc_std": 0.007932230257607142,
    "f1_mean": 0.19113996345203313,
    "f1_std": 0.030761987541801195,
    "min_cacc_mean": 0.76,
    "min_cacc_std": 1.52
  },
  "dann_gate": {
    "acc_mean": 20.830000000000002,
    "acc_std": 1.32214976458796,
    "auc_mean": 0.7096588855555556,
    "auc_std": 0.00840347201200716,
    "f1_mean": 0.13408070059284746,
    "f1_std": 0.02531911404154499,
    "min_cacc_mean": 0.0,
    "min_cacc_std": 0.0
  }
}