{
  "lora": {
    "acc_mean": 22.485999999999997,
    "acc_std": 1.5014872626832372,
    "auc_mean": 0.7195968377777777,
    "auc_std": 0.0073348571725138124,
    "f1_mean": 0.18389105866958805,
    "f1_std": 0.027075561491810837,
    "min_cacc_mean": 0.96,
    "min_cacc_std": 1.9200000000000002
  },
  "dann_gate": {
    "acc_mean": 17.948,
    "acc_std": 6.879681387971393,
    "auc_mean": 0.6566567000000001,
    "auc_std": 0.10290937109311085,
    "f1_mean": 0.11430752620427129,
    "f1_std": 0.08688886333532903,
    "min_cacc_mean": 0.0,
    "min_cacc_std": 0.0
  }
}