{
  "lora": {
    "acc_mean": 21.694,
    "acc_std": 0.4845038699535845,
    "auc_mean": 0.683075501111111,
    "auc_std": 0.0009528963677113866,
    "f1_mean": 0.15107193963964544,
    "f1_std": 0.005912627346583763,
    "min_cacc_mean": 0.0,
    "min_cacc_std": 0.0
  },
  "dann_gate": {
    "acc_mean": 21.372,
    "acc_std": 0.26708800047924314,
    "auc_mean": 0.6828729844444443,
    "auc_std": 0.001512047754807951,
    "f1_mean": 0.14684812706303263,
    "f1_std": 0.007522068450295454,
    "min_cacc_mean": 0.0,
    "min_cacc_std": 0.0
  }
}