{
  "lora": {
    "acc_mean": 65.98600000000002,
    "acc_std": 0.1508111401720704,
    "auc_mean": 0.9367498299999999,
    "auc_std": 0.0007156325504435148,
    "f1_mean": 0.6594276715963845,
    "f1_std": 0.002386881905046345,
    "min_cacc_mean": 41.32,
    "min_cacc_std": 5.627574966182147
  },
  "dann_gate": {
    "acc_mean": 65.696,
    "acc_std": 0.19955951493226487,
    "auc_mean": 0.9345875055555556,
    "auc_std": 0.000913158263506264,
    "f1_mean": 0.6567131933920026,
    "f1_std": 0.0014463676646045782,
    "min_cacc_mean": 41.81999999999999,
    "min_cacc_std": 4.009688267184869
  }
}