{
  "lora": {
    "acc_mean": 65.47400000000002,
    "acc_std": 0.11943198901466687,
    "auc_mean": 0.937361998888889,
    "auc_std": 0.0003944521706191841,
    "f1_mean": 0.654489747362836,
    "f1_std": 0.0017968973004952695,
    "min_cacc_mean": 42.38,
    "min_cacc_std": 0.8908422980528045
  },
  "dann_gate": {
    "acc_mean": 65.40199999999999,
    "acc_std": 0.15432433379088273,
    "auc_mean": 0.935328672222222,
    "auc_std": 0.0006206187992939302,
    "f1_mean": 0.6539178602563649,
    "f1_std": 0.001553342409176664,
    "min_cacc_mean": 43.400000000000006,
    "min_cacc_std": 2.2226110770892875
  }
}