{
  "LoRA-Head": {
    "acc_mean": 16.90103000447828,
    "acc_std": 0.6906431759483023,
    "auc_mean": 69.36758070791174,
    "auc_std": 0.4285688422942639,
    "f1_mean": 16.712748612871263,
    "f1_std": 0.6944817972988208,
    "minc_mean": 0.0,
    "minc_std": 0.0
  },
  "DANN-Gate": {
    "acc_mean": 16.57859381997313,
    "acc_std": 0.48679545872642055,
    "auc_mean": 69.4187572197889,
    "auc_std": 0.21470097975660277,
    "f1_mean": 15.441291358728312,
    "f1_std": 0.4781696682342522,
    "minc_mean": 0.0,
    "minc_std": 0.0
  }
}