{
  "lora_head": {
    "acc_mean": 50.754999999999995,
    "acc_std": 0.3792756253702575,
    "auc_mean": 0.8812871631944444,
    "auc_std": 0.0015755993309894902,
    "f1_mean": 0.49303783103363835,
    "f1_std": 0.003979810516688419,
    "min_cacc_mean": 5.675,
    "min_cacc_std": 2.6932786710624654
  },
  "dann_gate": {
    "acc_mean": 47.705,
    "acc_std": 0.65862546261134,
    "auc_mean": 0.865866644097222,
    "auc_std": 0.0013365677960754908,
    "f1_mean": 0.47118692020441166,
    "f1_std": 0.010436716666996658,
    "min_cacc_mean": 13.925,
    "min_cacc_std": 5.342401145552437
  }
}