{
  "lora_head": {
    "accuracy": {
      "mean": 66.96000000000001,
      "std": 0.21540659228537792
    },
    "auc": {
      "mean": 0.7278519999999998,
      "std": 0.0018317554421920126
    },
    "f1": {
      "mean": 0.66953867456339,
      "std": 0.0021531620585523207
    },
    "min_class_acc": {
      "mean": 65.64000000000001,
      "std": 0.4079215610874238
    }
  },
  "dann_gate": {
    "accuracy": {
      "mean": 66.6,
      "std": 0.08944271909999287
    },
    "auc": {
      "mean": 0.7329544,
      "std": 0.0006436724632916639
    },
    "f1": {
      "mean": 0.6658606876026854,
      "std": 0.0009069397492761978
    },
    "min_class_acc": {
      "mean": 64.67999999999999,
      "std": 0.6997142273814356
    }
  }
}