{
  "lora_head": {
    "accuracy": {
      "mean": 66.56,
      "std": 0.3555277766926233
    },
    "auc": {
      "mean": 0.7169960000000001,
      "std": 0.001253967782680238
    },
    "f1": {
      "mean": 0.665553353383134,
      "std": 0.0035643795614374303
    },
    "min_class_acc": {
      "mean": 65.4,
      "std": 0.4898979485566368
    }
  },
  "dann_gate": {
    "accuracy": {
      "mean": 66.9,
      "std": 0.18973665961010247
    },
    "auc": {
      "mean": 0.719616,
      "std": 0.0013220396363195588
    },
    "f1": {
      "mean": 0.6686289566398445,
      "std": 0.0018945947785003524
    },
    "min_class_acc": {
      "mean": 63.56,
      "std": 0.2653299832284315
    }
  }
}