{
  "lora": {
    "acc_mean": 64.824,
    "acc_std": 0.8519765254982077,
    "auc_mean": 93.33289171642248,
    "auc_std": 0.4545412151685892,
    "f1_mean": 64.3504434529208,
    "f1_std": 1.3485890870620916,
    "minc_mean": 29.326497169042966,
    "minc_std": 13.565230376606468
  },
  "dann_gate": {
    "acc_mean": 52.208000000000006,
    "acc_std": 3.6669191428227617,
    "auc_mean": 90.12368376576691,
    "auc_std": 1.8534289016225962,
    "f1_mean": 48.53278160684862,
    "f1_std": 4.823454683721503,
    "minc_mean": 0.019821605550049554,
    "minc_std": 0.03964321110009911
  }
}