{
  "baseline": {
    "acc_mean": 18.128,
    "acc_std": 0.7416036677363455,
    "auc_mean": 0.8128683939393939,
    "auc_std": 0.004421056377762878,
    "f1_mean": 0.1747261939093545,
    "f1_std": 0.007251316182403025,
    "min_cacc_mean": 1.2,
    "min_cacc_std": 0.7483314773547883
  },
  "linear_prob": {
    "acc_mean": 20.806,
    "acc_std": 0.1348480626483015,
    "auc_mean": 0.8316111242424242,
    "auc_std": 0.0003475277130703593,
    "f1_mean": 0.20063793942965816,
    "f1_std": 0.003813229905581801,
    "min_cacc_mean": 0.6,
    "min_cacc_std": 0.7999999999999999
  },
  "enhanced_concat": {
    "acc_mean": 21.758000000000003,
    "acc_std": 0.5957650543628755,
    "auc_mean": 0.8307532696969696,
    "auc_std": 0.007202504944558309,
    "f1_mean": 0.21388531242679187,
    "f1_std": 0.006683096058068488,
    "min_cacc_mean": 2.0,
    "min_cacc_std": 1.0954451150103321
  },
  "baseline_adapter": {
    "acc_mean": 19.988,
    "acc_std": 0.23978323544401534,
    "auc_mean": 0.8307901838383838,
    "auc_std": 0.0012087002441812165,
    "f1_mean": 0.18949124361032782,
    "f1_std": 0.005204028984890418,
    "min_cacc_mean": 0.0,
    "min_cacc_std": 0.0
  },
  "distillation": {
    "acc_mean": 20.062,
    "acc_std": 0.887950449067965,
    "auc_mean": 0.8361197181818181,
    "auc_std": 0.007731869410121164,
    "f1_mean": 0.1958547715274624,
    "f1_std": 0.008012608180131326,
    "min_cacc_mean": 1.0,
    "min_cacc_std": 0.6324555320336759
  }
}