{
  "baseline": {
    "acc_mean": 16.235999999999997,
    "acc_std": 0.5786397843218173,
    "auc_mean": 0.8470936575757573,
    "auc_std": 0.0036217967171552085,
    "f1_mean": 0.14846348315738572,
    "f1_std": 0.007497053279284986,
    "min_cacc_mean": 0.0,
    "min_cacc_std": 0.0
  },
  "linear_prob": {
    "acc_mean": 23.812,
    "acc_std": 0.2892334697091615,
    "auc_mean": 0.8695337424242424,
    "auc_std": 0.001136425681399324,
    "f1_mean": 0.23065032450684483,
    "f1_std": 0.002170977250602615,
    "min_cacc_mean": 1.8,
    "min_cacc_std": 0.7483314773547883
  },
  "enhanced_concat": {
    "acc_mean": 22.82,
    "acc_std": 0.4901020301937133,
    "auc_mean": 0.8660431757575757,
    "auc_std": 0.0008383684129614348,
    "f1_mean": 0.22213999825674474,
    "f1_std": 0.004294514412551571,
    "min_cacc_mean": 2.0,
    "min_cacc_std": 0.8944271909999159
  },
  "baseline_adapter": {
    "acc_mean": 21.674,
    "acc_std": 0.2905580836941209,
    "auc_mean": 0.8632679919191919,
    "auc_std": 0.0018656171112561215,
    "f1_mean": 0.2015256109532523,
    "f1_std": 0.004035132329667289,
    "min_cacc_mean": 0.0,
    "min_cacc_std": 0.0
  },
  "distillation": {
    "acc_mean": 17.678,
    "acc_std": 0.32257712256141235,
    "auc_mean": 0.8498283868686871,
    "auc_std": 0.0025388389128400473,
    "f1_mean": 0.1589378712092917,
    "f1_std": 0.003260604137325908,
    "min_cacc_mean": 0.0,
    "min_cacc_std": 0.0
  }
}