{
  "baseline": {
    "acc_mean": 16.235999999999997,
    "acc_std": 0.5786397843218173,
    "auc_mean": 0.8470936575757573,
    "auc_std": 0.0036217967171552085,
    "f1_mean": 0.14846348315738572,
    "f1_std": 0.007497053279284986,
    "min_cacc_mean": 0.0,
    "min_cacc_std": 0.0
  },
  "linear_prob": {
    "acc_mean": 11.884,
    "acc_std": 0.27947092872068074,
    "auc_mean": 0.7950110797979797,
    "auc_std": 0.0015737379205092636,
    "f1_mean": 0.10670459888736458,
    "f1_std": 0.0015042542111025027,
    "min_cacc_mean": 0.0,
    "min_cacc_std": 0.0
  },
  "enhanced_concat": {
    "acc_mean": 14.937999999999999,
    "acc_std": 0.4862674161405431,
    "auc_mean": 0.8282280818181817,
    "auc_std": 0.0025637193624189827,
    "f1_mean": 0.14022293033383218,
    "f1_std": 0.002586446721419337,
    "min_cacc_mean": 0.0,
    "min_cacc_std": 0.0
  },
  "baseline_adapter": {
    "acc_mean": 11.171999999999999,
    "acc_std": 0.43365424014991477,
    "auc_mean": 0.7935569080808081,
    "auc_std": 0.002697683225769264,
    "f1_mean": 0.09184215181772634,
    "f1_std": 0.004008657232316861,
    "min_cacc_mean": 0.0,
    "min_cacc_std": 0.0
  },
  "distillation": {
    "acc_mean": 15.006,
    "acc_std": 0.6380470202108935,
    "auc_mean": 0.82657727979798,
    "auc_std": 0.0027804979971431023,
    "f1_mean": 0.12595155983211803,
    "f1_std": 0.008071177238217271,
    "min_cacc_mean": 0.0,
    "min_cacc_std": 0.0
  }
}