{
  "baseline": {
    "acc_mean": 17.584000000000003,
    "acc_std": 0.2390481123121448,
    "auc_mean": 0.8271143747474747,
    "auc_std": 0.003258824947274694,
    "f1_mean": 0.16562456779902812,
    "f1_std": 0.004620399399202682,
    "min_cacc_mean": 1.0,
    "min_cacc_std": 0.0
  },
  "linear_prob": {
    "acc_mean": 22.413999999999998,
    "acc_std": 0.48334666648276253,
    "auc_mean": 0.8686623888888889,
    "auc_std": 0.0011097520482250898,
    "f1_mean": 0.21331749983548187,
    "f1_std": 0.00476564606995774,
    "min_cacc_mean": 0.0,
    "min_cacc_std": 0.0
  },
  "enhanced_concat": {
    "acc_mean": 23.308,
    "acc_std": 0.42149258593716626,
    "auc_mean": 0.8718709696969696,
    "auc_std": 0.0009750575859186442,
    "f1_mean": 0.2264400810625702,
    "f1_std": 0.0031531687384892884,
    "min_cacc_mean": 0.4,
    "min_cacc_std": 0.48989794855663565
  },
  "baseline_adapter": {
    "acc_mean": 22.66,
    "acc_std": 0.295431887243066,
    "auc_mean": 0.8675664565656567,
    "auc_std": 0.001401070602254835,
    "f1_mean": 0.21017602351383494,
    "f1_std": 0.002480667854273123,
    "min_cacc_mean": 0.0,
    "min_cacc_std": 0.0
  },
  "distillation": {
    "acc_mean": 19.588,
    "acc_std": 0.6055542915379268,
    "auc_mean": 0.8659286919191919,
    "auc_std": 0.0034049787209337297,
    "f1_mean": 0.17516567469045946,
    "f1_std": 0.007150263786613295,
    "min_cacc_mean": 0.0,
    "min_cacc_std": 0.0
  }
}