{
  "baseline": {
    "acc_mean": 15.430000000000001,
    "acc_std": 0.31749015732775115,
    "auc_mean": 0.847413601010101,
    "auc_std": 0.0024452433706796364,
    "f1_mean": 0.13857122585852044,
    "f1_std": 0.0011721827193802478,
    "min_cacc_mean": 0.0,
    "min_cacc_std": 0.0
  },
  "linear_prob": {
    "acc_mean": 25.818,
    "acc_std": 0.27967123556061363,
    "auc_mean": 0.8877163181818182,
    "auc_std": 0.0010153341745511794,
    "f1_mean": 0.2529187706124585,
    "f1_std": 0.002004173095996837,
    "min_cacc_mean": 3.6,
    "min_cacc_std": 0.8
  },
  "enhanced_concat": {
    "acc_mean": 25.538,
    "acc_std": 0.43041375442706187,
    "auc_mean": 0.8879072141414142,
    "auc_std": 0.0012552431096265748,
    "f1_mean": 0.2524295497791993,
    "f1_std": 0.0038575740229396774,
    "min_cacc_mean": 4.8,
    "min_cacc_std": 0.7483314773547882
  },
  "baseline_adapter": {
    "acc_mean": 24.482000000000003,
    "acc_std": 0.3222669700729504,
    "auc_mean": 0.8846683565656566,
    "auc_std": 0.0009958384385125424,
    "f1_mean": 0.2319784171410822,
    "f1_std": 0.0027101014029871913,
    "min_cacc_mean": 0.6,
    "min_cacc_std": 0.7999999999999999
  },
  "distillation": {
    "acc_mean": 16.009999999999998,
    "acc_std": 0.12664912159190073,
    "auc_mean": 0.8720481171717172,
    "auc_std": 0.0017065003706303891,
    "f1_mean": 0.12514895814856666,
    "f1_std": 0.0020738780207560036,
    "min_cacc_mean": 0.0,
    "min_cacc_std": 0.0
  }
}