{
  "baseline": {
    "acc_mean": 48.692499999999995,
    "acc_std": 0.6337684908545075,
    "auc_mean": 0.8682529270833333,
    "auc_std": 0.0031555128840724776,
    "f1_mean": 0.48306546425258434,
    "f1_std": 0.00894138298626569,
    "min_cacc_mean": 26.8,
    "min_cacc_std": 4.90063771360422
  },
  "linear_prob": {
    "acc_mean": 50.2725,
    "acc_std": 0.30159990053048735,
    "auc_mean": 0.8794825208333334,
    "auc_std": 0.0014729695323128578,
    "f1_mean": 0.49554654910532203,
    "f1_std": 0.006718086965152028,
    "min_cacc_mean": 18.925,
    "min_cacc_std": 6.154571471678593
  },
  "enhanced_concat": {
    "acc_mean": 53.4175,
    "acc_std": 0.36276714294434076,
    "auc_mean": 0.8944174097222224,
    "auc_std": 0.0013466044829696076,
    "f1_mean": 0.5301262410854393,
    "f1_std": 0.0052544658631593095,
    "min_cacc_mean": 25.975,
    "min_cacc_std": 3.5693136595149495
  },
  "baseline_adapter": {
    "acc_mean": 49.29,
    "acc_std": 0.7343534571308277,
    "auc_mean": 0.877314623263889,
    "auc_std": 0.0007940017347843524,
    "f1_mean": 0.4865385096437184,
    "f1_std": 0.0096167869406331,
    "min_cacc_mean": 15.675,
    "min_cacc_std": 6.634003316248795
  }
}