{
  "baseline": {
    "acc_mean": 11.283999999999999,
    "acc_std": 0.5238931188706335,
    "auc_mean": 0.8022883505050504,
    "auc_std": 0.0034232433171903875,
    "f1_mean": 0.09841407128089691,
    "f1_std": 0.0032697971367663297,
    "minc_mean": 0.0,
    "minc_std": 0.0
  },
  "linear_prob": {
    "acc_mean": 13.322,
    "acc_std": 0.5147970473885805,
    "auc_mean": 0.8185548464646466,
    "auc_std": 0.0015329963556620075,
    "f1_mean": 0.11747542838869676,
    "f1_std": 0.0048687315654199195,
    "minc_mean": 0.0,
    "minc_std": 0.0
  },
  "enhanced_concat": {
    "acc_mean": 14.382,
    "acc_std": 0.5398296027451625,
    "auc_mean": 0.8290790777777778,
    "auc_std": 0.003211836840897741,
    "f1_mean": 0.13288441638176926,
    "f1_std": 0.0038614302202888686,
    "minc_mean": 0.0,
    "minc_std": 0.0
  },
  "baseline_adapter": {
    "acc_mean": 12.636000000000001,
    "acc_std": 0.31537913691301755,
    "auc_mean": 0.8266547101010101,
    "auc_std": 0.0005818442422228782,
    "f1_mean": 0.10522198542569912,
    "f1_std": 0.003037878658620672,
    "minc_mean": 0.0,
    "minc_std": 0.0
  }
}