{
  "baseline": {
    "acc_mean": 18.32,
    "acc_std": 0.5253950894327049,
    "auc_mean": 0.8139714979797981,
    "auc_std": 0.004986874187163978,
    "f1_mean": 0.1773744227466843,
    "f1_std": 0.00524487446524544,
    "min_cacc_mean": 1.0,
    "min_cacc_std": 0.8944271909999159
  },
  "linear_prob": {
    "acc_mean": 7.014,
    "acc_std": 0.334699865551213,
    "auc_mean": 0.7489164474747475,
    "auc_std": 0.0011447061210756535,
    "f1_mean": 0.04959992806500455,
    "f1_std": 0.00342023609511183,
    "min_cacc_mean": 0.0,
    "min_cacc_std": 0.0
  },
  "enhanced_concat": {
    "acc_mean": 18.588,
    "acc_std": 0.5493778299130763,
    "auc_mean": 0.8275661131313132,
    "auc_std": 0.005318462384485444,
    "f1_mean": 0.17870476889730655,
    "f1_std": 0.005672514946766748,
    "min_cacc_mean": 1.4,
    "min_cacc_std": 0.8
  },
  "baseline_adapter": {
    "acc_mean": 6.563999999999998,
    "acc_std": 0.2875134779449478,
    "auc_mean": 0.749901291919192,
    "auc_std": 0.0008302418812942048,
    "f1_mean": 0.0458991419339989,
    "f1_std": 0.002645031906818921,
    "min_cacc_mean": 0.0,
    "min_cacc_std": 0.0
  }
}