{
  "baseline": {
    "acc_mean": 15.318000000000001,
    "acc_std": 0.33289037234501107,
    "auc_mean": 0.8448946090909091,
    "auc_std": 0.0021018271290708284,
    "f1_mean": 0.135837362334501,
    "f1_std": 0.004114404896300548,
    "min_cacc_mean": 0.0,
    "min_cacc_std": 0.0
  },
  "linear_prob": {
    "acc_mean": 26.125999999999998,
    "acc_std": 0.19612241075410083,
    "auc_mean": 0.8884667252525251,
    "auc_std": 0.0008485490578253636,
    "f1_mean": 0.2574784449852596,
    "f1_std": 0.00221539917804359,
    "min_cacc_mean": 4.0,
    "min_cacc_std": 1.7888543819998317
  },
  "enhanced_concat": {
    "acc_mean": 25.722,
    "acc_std": 0.3562807881432852,
    "auc_mean": 0.887417709090909,
    "auc_std": 0.0014835407102887616,
    "f1_mean": 0.2528753276085417,
    "f1_std": 0.003928299092951964,
    "min_cacc_mean": 3.0,
    "min_cacc_std": 1.6733200530681511
  },
  "baseline_adapter": {
    "acc_mean": 24.85,
    "acc_std": 0.47879014192023694,
    "auc_mean": 0.8846203818181818,
    "auc_std": 0.0025860357698224722,
    "f1_mean": 0.2366188106851613,
    "f1_std": 0.0059941613788353386,
    "min_cacc_mean": 1.2,
    "min_cacc_std": 0.7483314773547883
  },
  "distillation": {
    "acc_mean": 18.932,
    "acc_std": 0.19772708463940902,
    "auc_mean": 0.8761261717171717,
    "auc_std": 0.001209475730365305,
    "f1_mean": 0.174737824286006,
    "f1_std": 0.004400253665865597,
    "min_cacc_mean": 0.4,
    "min_cacc_std": 0.48989794855663565
  }
}