{
  "baseline": {
    "acc_mean": 15.318000000000001,
    "acc_std": 0.33289037234501107,
    "auc_mean": 0.8448946090909091,
    "auc_std": 0.0021018271290708284,
    "f1_mean": 0.135837362334501,
    "f1_std": 0.004114404896300548,
    "min_cacc_mean": 0.0,
    "min_cacc_std": 0.0
  },
  "linear_prob": {
    "acc_mean": 6.7,
    "acc_std": 0.26780589986032816,
    "auc_mean": 0.7376561585858585,
    "auc_std": 0.0011232096372272456,
    "f1_mean": 0.038994693991611894,
    "f1_std": 0.0013789028696613624,
    "min_cacc_mean": 0.0,
    "min_cacc_std": 0.0
  },
  "enhanced_concat": {
    "acc_mean": 15.498,
    "acc_std": 0.7853254102599762,
    "auc_mean": 0.8437249707070708,
    "auc_std": 0.0041239213764763865,
    "f1_mean": 0.1378110651908961,
    "f1_std": 0.0067068809541108295,
    "min_cacc_mean": 0.0,
    "min_cacc_std": 0.0
  },
  "baseline_adapter": {
    "acc_mean": 6.544,
    "acc_std": 0.15806327846783386,
    "auc_mean": 0.7404794141414142,
    "auc_std": 0.0011333723891747494,
    "f1_mean": 0.034823176418123214,
    "f1_std": 0.0008972049165217032,
    "min_cacc_mean": 0.0,
    "min_cacc_std": 0.0
  },
  "distillation": {
    "acc_mean": 11.826,
    "acc_std": 0.2575732905407701,
    "auc_mean": 0.8129909070707072,
    "auc_std": 0.00268269969256943,
    "f1_mean": 0.08351398247493211,
    "f1_std": 0.0023477893998895584,
    "min_cacc_mean": 0.0,
    "min_cacc_std": 0.0
  }
}