{
  "baseline": {
    "acc_mean": 17.656,
    "acc_std": 0.7171499145924789,
    "auc_mean": 0.8208287828282828,
    "auc_std": 0.004546858195674892,
    "f1_mean": 0.16756548733260912,
    "f1_std": 0.006683453753659402,
    "min_cacc_mean": 0.6,
    "min_cacc_std": 0.48989794855663565
  },
  "linear_prob": {
    "acc_mean": 26.264000000000003,
    "acc_std": 0.6028797558385917,
    "auc_mean": 0.8837825646464644,
    "auc_std": 0.0012815396446517744,
    "f1_mean": 0.2541722441990417,
    "f1_std": 0.007285538909730197,
    "min_cacc_mean": 1.2,
    "min_cacc_std": 1.1661903789690602
  },
  "enhanced_concat": {
    "acc_mean": 26.188,
    "acc_std": 0.49385827926643133,
    "auc_mean": 0.8823908808080809,
    "auc_std": 0.002106406770947057,
    "f1_mean": 0.25626972626411043,
    "f1_std": 0.005563379793100595,
    "min_cacc_mean": 1.8,
    "min_cacc_std": 0.9797958971132713
  },
  "baseline_adapter": {
    "acc_mean": 26.232,
    "acc_std": 0.4568763508871966,
    "auc_mean": 0.8835606797979798,
    "auc_std": 0.002803099721793237,
    "f1_mean": 0.2505609512173702,
    "f1_std": 0.0073422813725429895,
    "min_cacc_mean": 2.0,
    "min_cacc_std": 1.0954451150103321
  },
  "distillation": {
    "acc_mean": 22.934000000000005,
    "acc_std": 0.767452930152722,
    "auc_mean": 0.8779312292929292,
    "auc_std": 0.005361000644065261,
    "f1_mean": 0.22281573588843884,
    "f1_std": 0.008345606480762614,
    "min_cacc_mean": 2.0,
    "min_cacc_std": 0.8944271909999159
  }
}