{
  "baseline": {
    "acc_mean": 17.818,
    "acc_std": 0.3633400610997918,
    "auc_mean": 0.8259067222222221,
    "auc_std": 0.006774603962506701,
    "f1_mean": 0.16836182993435936,
    "f1_std": 0.003940343658191521,
    "min_cacc_mean": 0.6,
    "min_cacc_std": 0.48989794855663565
  },
  "linear_prob": {
    "acc_mean": 17.35,
    "acc_std": 0.27327641683833587,
    "auc_mean": 0.8604513888888888,
    "auc_std": 0.0015034111275315611,
    "f1_mean": 0.147160838665943,
    "f1_std": 0.00426729692219997,
    "min_cacc_mean": 0.0,
    "min_cacc_std": 0.0
  },
  "enhanced_concat": {
    "acc_mean": 19.28,
    "acc_std": 0.33621421742692575,
    "auc_mean": 0.8555207767676769,
    "auc_std": 0.004230871605325003,
    "f1_mean": 0.18053183040979212,
    "f1_std": 0.004261568235769142,
    "min_cacc_mean": 0.4,
    "min_cacc_std": 0.8
  },
  "baseline_adapter": {
    "acc_mean": 16.19,
    "acc_std": 0.3272308053958246,
    "auc_mean": 0.8577932181818181,
    "auc_std": 0.0019310220854576294,
    "f1_mean": 0.1303166159025188,
    "f1_std": 0.003692876472786803,
    "min_cacc_mean": 0.0,
    "min_cacc_std": 0.0
  },
  "distillation": {
    "acc_mean": 18.734,
    "acc_std": 0.21987269043698907,
    "auc_mean": 0.8604546606060606,
    "auc_std": 0.0034790415872775343,
    "f1_mean": 0.16306384180420724,
    "f1_std": 0.002404099718140273,
    "min_cacc_mean": 0.0,
    "min_cacc_std": 0.0
  }
}