{
  "baseline": {
    "acc_mean": 17.522000000000002,
    "acc_std": 0.5970393621864474,
    "auc_mean": 0.8252139404040404,
    "auc_std": 0.00594423477113326,
    "f1_mean": 0.16625304575990424,
    "f1_std": 0.004693519855953098,
    "min_cacc_mean": 0.6,
    "min_cacc_std": 0.48989794855663565
  },
  "linear_prob": {
    "acc_mean": 1.0,
    "acc_std": 0.0,
    "auc_mean": 0.6739649161616161,
    "auc_std": 0.0019494331367382457,
    "f1_mean": 0.00019801980198019803,
    "f1_std": 2.710505431213761e-20,
    "min_cacc_mean": 0.0,
    "min_cacc_std": 0.0
  },
  "enhanced_concat": {
    "acc_mean": 17.369999999999997,
    "acc_std": 1.0922087712520898,
    "auc_mean": 0.8239016171717172,
    "auc_std": 0.005986395618863168,
    "f1_mean": 0.16413215446676324,
    "f1_std": 0.010930024945428144,
    "min_cacc_mean": 0.2,
    "min_cacc_std": 0.4
  },
  "baseline_adapter": {
    "acc_mean": 1.0,
    "acc_std": 0.0,
    "auc_mean": 0.5249805848484849,
    "auc_std": 0.005814856336035101,
    "f1_mean": 0.00019801980198019803,
    "f1_std": 2.710505431213761e-20,
    "min_cacc_mean": 0.0,
    "min_cacc_std": 0.0
  },
  "distillation": {
    "acc_mean": 15.106,
    "acc_std": 0.48689218519093147,
    "auc_mean": 0.8174359616161617,
    "auc_std": 0.006910651516781572,
    "f1_mean": 0.12268498738141882,
    "f1_std": 0.0038652319051495332,
    "min_cacc_mean": 0.0,
    "min_cacc_std": 0.0
  }
}