{
  "baseline": {
    "acc_mean": 18.052,
    "acc_std": 0.18988417522268683,
    "auc_mean": 0.8256712616161617,
    "auc_std": 0.0054678540349976466,
    "f1_mean": 0.17123452346406745,
    "f1_std": 0.0033958214418728697,
    "min_cacc_mean": 1.0,
    "min_cacc_std": 0.0
  },
  "linear_prob": {
    "acc_mean": 6.5280000000000005,
    "acc_std": 0.2611819289307743,
    "auc_mean": 0.7680021686868688,
    "auc_std": 0.0008971081981612154,
    "f1_mean": 0.03223345292285189,
    "f1_std": 0.002134699745061514,
    "min_cacc_mean": 0.0,
    "min_cacc_std": 0.0
  },
  "enhanced_concat": {
    "acc_mean": 16.204,
    "acc_std": 0.4260798047314607,
    "auc_mean": 0.8116432343434343,
    "auc_std": 0.0065735383490299224,
    "f1_mean": 0.15165301929003958,
    "f1_std": 0.005545974654776543,
    "min_cacc_mean": 0.0,
    "min_cacc_std": 0.0
  },
  "baseline_adapter": {
    "acc_mean": 6.496,
    "acc_std": 0.15252540771950077,
    "auc_mean": 0.7703985393939393,
    "auc_std": 0.0009609625027251681,
    "f1_mean": 0.03184353390456397,
    "f1_std": 0.002867409802931007,
    "min_cacc_mean": 0.0,
    "min_cacc_std": 0.0
  },
  "distillation": {
    "acc_mean": 16.078,
    "acc_std": 0.5104664533541842,
    "auc_mean": 0.8360149040404041,
    "auc_std": 0.004709534839663008,
    "f1_mean": 0.13249903174301708,
    "f1_std": 0.004721885821064833,
    "min_cacc_mean": 0.0,
    "min_cacc_std": 0.0
  }
}