{
  "baseline": {
    "acc_mean": 45.36,
    "acc_std": 0.5857303133695559,
    "auc_mean": 0.8662418688888888,
    "auc_std": 0.0033329947072028034,
    "f1_mean": 0.445517462637629,
    "f1_std": 0.00805762638793856,
    "min_cacc_mean": 18.98,
    "min_cacc_std": 7.492769848327118
  },
  "linear_prob": {
    "acc_mean": 53.44599999999999,
    "acc_std": 0.43646763912116,
    "auc_mean": 0.9089746999999999,
    "auc_std": 0.00016802457271795825,
    "f1_mean": 0.5258916014814198,
    "f1_std": 0.007779269802055177,
    "min_cacc_mean": 26.28,
    "min_cacc_std": 6.586470982248386
  },
  "enhanced_concat": {
    "acc_mean": 54.616,
    "acc_std": 0.44889196918635216,
    "auc_mean": 0.9133984822222221,
    "auc_std": 0.0010399870554239194,
    "f1_mean": 0.5431139004799868,
    "f1_std": 0.005615263272266647,
    "min_cacc_mean": 33.9,
    "min_cacc_std": 3.3376638536557257
  },
  "baseline_adapter": {
    "acc_mean": 52.672000000000004,
    "acc_std": 0.32798780465133076,
    "auc_mean": 0.9089120277777777,
    "auc_std": 0.0008024380872159807,
    "f1_mean": 0.5194803585109892,
    "f1_std": 0.005017830337045252,
    "min_cacc_mean": 30.839999999999996,
    "min_cacc_std": 4.957660738695217
  },
  "distillation": {
    "acc_mean": 46.00600000000001,
    "acc_std": 1.1071332349812273,
    "auc_mean": 0.8736363622222221,
    "auc_std": 0.0028412760912586033,
    "f1_mean": 0.44344499370256313,
    "f1_std": 0.014254404672153833,
    "min_cacc_mean": 14.0,
    "min_cacc_std": 6.940605160935175
  }
}