{
  "baseline": {
    "acc_mean": 56.532000000000004,
    "acc_std": 0.7721761457076989,
    "auc_mean": 0.9005939688888889,
    "auc_std": 0.0020633126510260303,
    "f1_mean": 0.5639256849111626,
    "f1_std": 0.005621707899833642,
    "min_cacc_mean": 35.76,
    "min_cacc_std": 2.7507089995126712
  },
  "linear_prob": {
    "acc_mean": 48.542,
    "acc_std": 0.42456566041073035,
    "auc_mean": 0.8986531255555557,
    "auc_std": 0.0008400857188597164,
    "f1_mean": 0.4756761126014647,
    "f1_std": 0.004579281735067312,
    "min_cacc_mean": 18.44,
    "min_cacc_std": 7.88837118802101
  },
  "enhanced_concat": {
    "acc_mean": 58.652,
    "acc_std": 0.46850400211737736,
    "auc_mean": 0.9034100588888888,
    "auc_std": 0.0011310239112239935,
    "f1_mean": 0.5861467282457608,
    "f1_std": 0.00483435082889713,
    "min_cacc_mean": 38.400000000000006,
    "min_cacc_std": 3.1035463586033325
  },
  "baseline_adapter": {
    "acc_mean": 47.174,
    "acc_std": 0.8230820129245933,
    "auc_mean": 0.8998122755555557,
    "auc_std": 0.0005673364744504888,
    "f1_mean": 0.4478833077771722,
    "f1_std": 0.01478217227262702,
    "min_cacc_mean": 7.419999999999999,
    "min_cacc_std": 6.470363204643152
  },
  "distillation": {
    "acc_mean": 57.798,
    "acc_std": 0.4418778111650311,
    "auc_mean": 0.9068427644444444,
    "auc_std": 0.0008540992261333233,
    "f1_mean": 0.5771563386000509,
    "f1_std": 0.0036969257985995795,
    "min_cacc_mean": 35.92,
    "min_cacc_std": 3.002265811016741
  }
}