{
  "baseline": {
    "acc_mean": 56.33200000000001,
    "acc_std": 0.7705426659179875,
    "auc_mean": 0.9003931833333333,
    "auc_std": 0.0030455296091055173,
    "f1_mean": 0.5588998107533614,
    "f1_std": 0.008325115000180893,
    "min_cacc_mean": 30.660000000000004,
    "min_cacc_std": 3.355353930660668
  },
  "linear_prob": {
    "acc_mean": 51.106,
    "acc_std": 0.391131691377726,
    "auc_mean": 0.9119925477777778,
    "auc_std": 0.00019651792330539528,
    "f1_mean": 0.4995179890778849,
    "f1_std": 0.005160779042108858,
    "min_cacc_mean": 18.999999999999996,
    "min_cacc_std": 3.1736414416250613
  },
  "enhanced_concat": {
    "acc_mean": 60.862,
    "acc_std": 0.6833271544436089,
    "auc_mean": 0.914174948888889,
    "auc_std": 0.0020022231904961076,
    "f1_mean": 0.6078320442151002,
    "f1_std": 0.006653588637051378,
    "min_cacc_mean": 41.54,
    "min_cacc_std": 4.101511916354749
  },
  "baseline_adapter": {
    "acc_mean": 49.78,
    "acc_std": 0.47631922069133525,
    "auc_mean": 0.9122019211111111,
    "auc_std": 0.0003246811573578408,
    "f1_mean": 0.4611202161907088,
    "f1_std": 0.012179475934404722,
    "min_cacc_mean": 6.919999999999999,
    "min_cacc_std": 5.455052703686739
  },
  "distillation": {
    "acc_mean": 59.20399999999999,
    "acc_std": 0.6508947687606648,
    "auc_mean": 0.9120852377777778,
    "auc_std": 0.002602588959761812,
    "f1_mean": 0.5932177166968715,
    "f1_std": 0.0053029684263840035,
    "min_cacc_mean": 40.660000000000004,
    "min_cacc_std": 3.329023880959702
  }
}