{
  "baseline": {
    "acc_mean": 56.44,
    "acc_std": 0.47870659072128835,
    "auc_mean": 0.9054917177777779,
    "auc_std": 0.0019010944602374355,
    "f1_mean": 0.5598516500390142,
    "f1_std": 0.0050878738790814185,
    "min_cacc_mean": 32.8,
    "min_cacc_std": 4.5396035069155545
  },
  "linear_prob": {
    "acc_mean": 53.146,
    "acc_std": 1.0367950617166333,
    "auc_mean": 0.8883114755555557,
    "auc_std": 0.014526641901965641,
    "f1_mean": 0.5237623091163364,
    "f1_std": 0.021511006519821133,
    "min_cacc_mean": 28.360000000000003,
    "min_cacc_std": 14.041880215982474
  },
  "enhanced_concat": {
    "acc_mean": 56.544000000000004,
    "acc_std": 0.7301671041617793,
    "auc_mean": 0.9102807155555555,
    "auc_std": 0.0011576051585722815,
    "f1_mean": 0.5618913490582409,
    "f1_std": 0.010321841951591455,
    "min_cacc_mean": 31.580000000000002,
    "min_cacc_std": 10.314727335223164
  },
  "baseline_adapter": {
    "acc_mean": 51.64399999999999,
    "acc_std": 0.9859939147885254,
    "auc_mean": 0.895986541111111,
    "auc_std": 0.0021593927756349248,
    "f1_mean": 0.5130134353001182,
    "f1_std": 0.015020953722163546,
    "min_cacc_mean": 19.52,
    "min_cacc_std": 8.318028612598061
  },
  "distillation": {
    "acc_mean": 54.89,
    "acc_std": 0.48973462201482115,
    "auc_mean": 0.9063477577777779,
    "auc_std": 0.0013403495869380127,
    "f1_mean": 0.5492274299625131,
    "f1_std": 0.006477669892997188,
    "min_cacc_mean": 41.96,
    "min_cacc_std": 3.4255510505610616
  }
}