{
  "baseline": {
    "acc_mean": 45.168,
    "acc_std": 1.390372611928183,
    "auc_mean": 0.8678251477777778,
    "auc_std": 0.0027685472322889265,
    "f1_mean": 0.43913860065819427,
    "f1_std": 0.018267797528713065,
    "min_cacc_mean": 16.240000000000002,
    "min_cacc_std": 4.516901592906358
  },
  "linear_prob": {
    "acc_mean": 48.440000000000005,
    "acc_std": 0.366333181680284,
    "auc_mean": 0.8749391066666666,
    "auc_std": 0.0007743309609615953,
    "f1_mean": 0.4804853047759853,
    "f1_std": 0.00514791009414675,
    "min_cacc_mean": 25.939999999999998,
    "min_cacc_std": 6.98100279329553
  },
  "enhanced_concat": {
    "acc_mean": 47.808,
    "acc_std": 0.23111901695879564,
    "auc_mean": 0.8690766788888888,
    "auc_std": 0.000652821892480015,
    "f1_mean": 0.4755113279496122,
    "f1_std": 0.002618886116515734,
    "min_cacc_mean": 29.439999999999998,
    "min_cacc_std": 3.2598159457245433
  },
  "baseline_adapter": {
    "acc_mean": 47.57,
    "acc_std": 0.27305677065401607,
    "auc_mean": 0.8677641377777776,
    "auc_std": 0.0029367755831263536,
    "f1_mean": 0.4689442771314331,
    "f1_std": 0.004526464560992364,
    "min_cacc_mean": 25.259999999999998,
    "min_cacc_std": 4.524864638859376
  },
  "distillation": {
    "acc_mean": 42.251999999999995,
    "acc_std": 0.6331634859970992,
    "auc_mean": 0.8650091555555555,
    "auc_std": 0.0034655246437454955,
    "f1_mean": 0.3995953984093859,
    "f1_std": 0.005133142156730076,
    "min_cacc_mean": 3.8599999999999994,
    "min_cacc_std": 0.816333265278342
  }
}