{
  "baseline": {
    "acc_mean": 56.581999999999994,
    "acc_std": 0.365863362472932,
    "auc_mean": 0.9005194866666667,
    "auc_std": 0.0012085461393941,
    "f1_mean": 0.5633614173429058,
    "f1_std": 0.004637507785788248,
    "min_cacc_mean": 37.2,
    "min_cacc_std": 3.411744421846396
  },
  "linear_prob": {
    "acc_mean": 38.926,
    "acc_std": 0.5462819784689938,
    "auc_mean": 0.8283578033333334,
    "auc_std": 0.0016623926362198645,
    "f1_mean": 0.3814539712297794,
    "f1_std": 0.005106440359369937,
    "min_cacc_mean": 16.94,
    "min_cacc_std": 3.7441153828374465
  },
  "enhanced_concat": {
    "acc_mean": 54.4,
    "acc_std": 0.33358657047309376,
    "auc_mean": 0.8942357588888887,
    "auc_std": 0.002570946897477572,
    "f1_mean": 0.5406375450570573,
    "f1_std": 0.005050133345405885,
    "min_cacc_mean": 33.620000000000005,
    "min_cacc_std": 2.827295527531567
  },
  "baseline_adapter": {
    "acc_mean": 38.232000000000006,
    "acc_std": 0.3110884118703221,
    "auc_mean": 0.8246666044444444,
    "auc_std": 0.0016208437163274276,
    "f1_mean": 0.37540659292119755,
    "f1_std": 0.007092577553287267,
    "min_cacc_mean": 16.46,
    "min_cacc_std": 5.454392725134486
  }
}