{
  "baseline": {
    "acc_mean": 45.168,
    "acc_std": 1.390372611928183,
    "auc_mean": 0.8678251477777778,
    "auc_std": 0.0027685472322889265,
    "f1_mean": 0.43913860065819427,
    "f1_std": 0.018267797528713065,
    "min_cacc_mean": 16.240000000000002,
    "min_cacc_std": 4.516901592906358
  },
  "linear_prob": {
    "acc_mean": 20.648,
    "acc_std": 0.44255621111899457,
    "auc_mean": 0.6826185966666667,
    "auc_std": 0.0025177273813054833,
    "f1_mean": 0.14104469950657564,
    "f1_std": 0.008278527292632053,
    "min_cacc_mean": 0.0,
    "min_cacc_std": 0.0
  },
  "enhanced_concat": {
    "acc_mean": 45.525999999999996,
    "acc_std": 0.9535533545638661,
    "auc_mean": 0.8693979366666665,
    "auc_std": 0.004645381114410176,
    "f1_mean": 0.4463466774671245,
    "f1_std": 0.010532456681369843,
    "min_cacc_mean": 18.68,
    "min_cacc_std": 4.966447422454002
  },
  "baseline_adapter": {
    "acc_mean": 17.880000000000003,
    "acc_std": 0.7334030269912984,
    "auc_mean": 0.6681579066666666,
    "auc_std": 0.006630267285112244,
    "f1_mean": 0.12480471575748502,
    "f1_std": 0.011098877124732334,
    "min_cacc_mean": 0.0,
    "min_cacc_std": 0.0
  },
  "distillation": {
    "acc_mean": 40.19,
    "acc_std": 0.5691397016550517,
    "auc_mean": 0.8444606844444446,
    "auc_std": 0.002219058107519539,
    "f1_mean": 0.38269194011717345,
    "f1_std": 0.006823155690880213,
    "min_cacc_mean": 8.0,
    "min_cacc_std": 5.220344816197489
  }
}