{
  "baseline": {
    "acc_mean": 56.79600000000001,
    "acc_std": 0.6898579563939222,
    "auc_mean": 0.9061749055555554,
    "auc_std": 0.002399073568939675,
    "f1_mean": 0.5652511703608394,
    "f1_std": 0.007639973077273922,
    "min_cacc_mean": 34.82,
    "min_cacc_std": 5.173161509174056
  },
  "linear_prob": {
    "acc_mean": 18.952,
    "acc_std": 0.6453340220382003,
    "auc_mean": 0.6894850055555557,
    "auc_std": 0.0011029551693037534,
    "f1_mean": 0.11015474465540895,
    "f1_std": 0.015374989220510418,
    "min_cacc_mean": 0.0,
    "min_cacc_std": 0.0
  },
  "enhanced_concat": {
    "acc_mean": 56.775999999999996,
    "acc_std": 0.5412060605721261,
    "auc_mean": 0.9068464388888889,
    "auc_std": 0.002081730309005438,
    "f1_mean": 0.5648534041894782,
    "f1_std": 0.008303145976274287,
    "min_cacc_mean": 33.980000000000004,
    "min_cacc_std": 6.571270805559608
  },
  "baseline_adapter": {
    "acc_mean": 18.43,
    "acc_std": 0.2123205124334434,
    "auc_mean": 0.6904502366666666,
    "auc_std": 0.0007482277168609856,
    "f1_mean": 0.11609519234655223,
    "f1_std": 0.016431873162986305,
    "min_cacc_mean": 0.0,
    "min_cacc_std": 0.0
  },
  "distillation": {
    "acc_mean": 52.176,
    "acc_std": 0.49922339688760614,
    "auc_mean": 0.8962953255555556,
    "auc_std": 0.0017103705932860792,
    "f1_mean": 0.5107576563502652,
    "f1_std": 0.004992529352762543,
    "min_cacc_mean": 27.28,
    "min_cacc_std": 3.3677292052657672
  },
  "full_para": {
    "acc_mean": 52.5,
    "acc_std": 1.3319459448491158,
    "auc_mean": 0.8914255422222223,
    "auc_std": 0.004842014256885696,
    "f1_mean": 0.5229476240627612,
    "f1_std": 0.018027477107530665,
    "min_cacc_mean": 26.839999999999996,
    "min_cacc_std": 4.466587063967296
  }
}