{
  "baseline": {
    "acc_mean": 56.982000000000006,
    "acc_std": 0.2362541004935135,
    "auc_mean": 0.9072969855555556,
    "auc_std": 0.0009239928795260928,
    "f1_mean": 0.5647341847354218,
    "f1_std": 0.0030979791072103056,
    "min_cacc_mean": 31.82,
    "min_cacc_std": 2.1857721747702787
  },
  "linear_prob": {
    "acc_mean": 65.862,
    "acc_std": 0.29033773437153926,
    "auc_mean": 0.9374448722222223,
    "auc_std": 0.0007570369753107211,
    "f1_mean": 0.6588929946016419,
    "f1_std": 0.002857536592679469,
    "min_cacc_mean": 46.620000000000005,
    "min_cacc_std": 3.7188170162028675
  },
  "enhanced_concat": {
    "acc_mean": 65.95,
    "acc_std": 0.10639548862615983,
    "auc_mean": 0.9380739,
    "auc_std": 0.0011422393987954537,
    "f1_mean": 0.6591877814033207,
    "f1_std": 0.004309022380859096,
    "min_cacc_mean": 41.32,
    "min_cacc_std": 9.494503673178498
  },
  "baseline_adapter": {
    "acc_mean": 65.678,
    "acc_std": 0.30720677075871555,
    "auc_mean": 0.9360279344444444,
    "auc_std": 0.0006486142083523325,
    "f1_mean": 0.6555483345358099,
    "f1_std": 0.004628012822428165,
    "min_cacc_mean": 44.239999999999995,
    "min_cacc_std": 5.033726253979255
  },
  "distillation": {
    "acc_mean": 59.672000000000004,
    "acc_std": 1.0029636085122937,
    "auc_mean": 0.9177975255555555,
    "auc_std": 0.002952130237461363,
    "f1_mean": 0.5987595921772442,
    "f1_std": 0.00808197437449333,
    "min_cacc_mean": 41.56,
    "min_cacc_std": 2.6732751448363863
  }
}