{
  "baseline": {
    "acc_mean": 56.20399999999999,
    "acc_std": 0.9276335483368406,
    "auc_mean": 0.9048148822222222,
    "auc_std": 0.002732560244795517,
    "f1_mean": 0.5592303916475482,
    "f1_std": 0.009502078269774986,
    "min_cacc_mean": 34.22,
    "min_cacc_std": 3.397293040054095
  },
  "linear_prob": {
    "acc_mean": 57.33,
    "acc_std": 0.23400854685246006,
    "auc_mean": 0.9083452888888889,
    "auc_std": 0.0003863375038122177,
    "f1_mean": 0.5710290012049104,
    "f1_std": 0.0029136318315819867,
    "min_cacc_mean": 38.31999999999999,
    "min_cacc_std": 2.510298786997277
  },
  "enhanced_concat": {
    "acc_mean": 58.1,
    "acc_std": 0.41221353689562484,
    "auc_mean": 0.9120626922222224,
    "auc_std": 0.0018640902012715854,
    "f1_mean": 0.5797222613609907,
    "f1_std": 0.0034439571759109088,
    "min_cacc_mean": 35.459999999999994,
    "min_cacc_std": 6.9295310086614075
  },
  "baseline_adapter": {
    "acc_mean": 57.052,
    "acc_std": 0.1873392644375449,
    "auc_mean": 0.9063787877777779,
    "auc_std": 0.0008608777277097337,
    "f1_mean": 0.5675828630579813,
    "f1_std": 0.0027719431172060433,
    "min_cacc_mean": 36.22,
    "min_cacc_std": 2.870818698559699
  },
  "distillation": {
    "acc_mean": 57.36,
    "acc_std": 0.4353389484068706,
    "auc_mean": 0.9103914966666669,
    "auc_std": 0.0016160126511032971,
    "f1_mean": 0.5707398176844413,
    "f1_std": 0.00552889858373457,
    "min_cacc_mean": 37.72,
    "min_cacc_std": 2.262211307548435
  }
}