{
  "baseline": {
    "acc_mean": 56.574,
    "acc_std": 0.64164164453377,
    "auc_mean": 0.9057491544444444,
    "auc_std": 0.0033000191690359462,
    "f1_mean": 0.5622268190368094,
    "f1_std": 0.005549394790068548,
    "min_cacc_mean": 33.60000000000001,
    "min_cacc_std": 3.0364452901377965
  },
  "linear_prob": {
    "acc_mean": 19.46,
    "acc_std": 0.7517180322434736,
    "auc_mean": 0.689508531111111,
    "auc_std": 0.0011006353816168074,
    "f1_mean": 0.11771461989294116,
    "f1_std": 0.010816024504362207,
    "min_cacc_mean": 0.0,
    "min_cacc_std": 0.0
  },
  "enhanced_concat": {
    "acc_mean": 56.58399999999999,
    "acc_std": 0.32579748310875567,
    "auc_mean": 0.9067346044444443,
    "auc_std": 0.0018827058252584054,
    "f1_mean": 0.5655304596925825,
    "f1_std": 0.0041326622748987935,
    "min_cacc_mean": 36.9,
    "min_cacc_std": 2.9353023694331735
  },
  "baseline_adapter": {
    "acc_mean": 18.488,
    "acc_std": 0.45984345162239704,
    "auc_mean": 0.6906328199999999,
    "auc_std": 0.0006205668048477774,
    "f1_mean": 0.12193590122000497,
    "f1_std": 0.015648482550682206,
    "min_cacc_mean": 0.0,
    "min_cacc_std": 0.0
  },
  "distillation": {
    "acc_mean": 53.510000000000005,
    "acc_std": 0.7910246519546646,
    "auc_mean": 0.8981645455555556,
    "auc_std": 0.0020648135654918677,
    "f1_mean": 0.5268546134212977,
    "f1_std": 0.009091328857448362,
    "min_cacc_mean": 26.8,
    "min_cacc_std": 2.489176570675532
  }
}