{
  "baseline": {
    "acc_mean": 56.05,
    "acc_std": 0.534976635003811,
    "auc_mean": 0.9035376044444444,
    "auc_std": 0.0022846504456361717,
    "f1_mean": 0.5588257256339456,
    "f1_std": 0.005886727443627628,
    "min_cacc_mean": 34.04,
    "min_cacc_std": 5.025375607852612
  },
  "linear_prob": {
    "acc_mean": 65.452,
    "acc_std": 0.3707505900197587,
    "auc_mean": 0.9367394422222223,
    "auc_std": 0.0004549294982226986,
    "f1_mean": 0.6541265106020917,
    "f1_std": 0.0035015602741861732,
    "min_cacc_mean": 44.54,
    "min_cacc_std": 6.57224466982172
  },
  "enhanced_concat": {
    "acc_mean": 65.572,
    "acc_std": 0.07730459236034964,
    "auc_mean": 0.9379399522222223,
    "auc_std": 0.000888074474852167,
    "f1_mean": 0.6559115498310991,
    "f1_std": 0.001490309157658175,
    "min_cacc_mean": 44.52,
    "min_cacc_std": 4.541101188037984
  },
  "baseline_adapter": {
    "acc_mean": 65.16,
    "acc_std": 0.16382917933018143,
    "auc_mean": 0.935419391111111,
    "auc_std": 0.0005539061892606463,
    "f1_mean": 0.6524981320724502,
    "f1_std": 0.0007917799569785426,
    "min_cacc_mean": 46.34,
    "min_cacc_std": 1.262695529413168
  },
  "distillation": {
    "acc_mean": 59.62199999999999,
    "acc_std": 0.30831153076068984,
    "auc_mean": 0.9179587600000001,
    "auc_std": 0.0013834258028550515,
    "f1_mean": 0.5956070089885689,
    "f1_std": 0.0033893565089051594,
    "min_cacc_mean": 40.94,
    "min_cacc_std": 3.1058654188486647
  }
}