{
  "baseline": {
    "acc_mean": 56.048,
    "acc_std": 0.6376958522681477,
    "auc_mean": 0.9037360177777778,
    "auc_std": 0.0027728293699476594,
    "f1_mean": 0.5579866828095693,
    "f1_std": 0.00796588818007582,
    "min_cacc_mean": 32.4,
    "min_cacc_std": 5.8354091544638065
  },
  "linear_prob": {
    "acc_mean": 65.54,
    "acc_std": 0.061318838867025736,
    "auc_mean": 0.9377631544444442,
    "auc_std": 0.00034538249438079415,
    "f1_mean": 0.6561215747002699,
    "f1_std": 0.0008058472974639919,
    "min_cacc_mean": 42.82000000000001,
    "min_cacc_std": 1.4483093592185334
  },
  "enhanced_concat": {
    "acc_mean": 66.22800000000001,
    "acc_std": 0.3235676127179618,
    "auc_mean": 0.9388210466666667,
    "auc_std": 0.0005521681744800551,
    "f1_mean": 0.66253841973826,
    "f1_std": 0.003598932108216956,
    "min_cacc_mean": 43.940000000000005,
    "min_cacc_std": 3.774970198557865
  },
  "baseline_adapter": {
    "acc_mean": 65.778,
    "acc_std": 0.1869117438792989,
    "auc_mean": 0.9376490844444445,
    "auc_std": 0.0007479367002942107,
    "f1_mean": 0.65813745624926,
    "f1_std": 0.0023944993032249053,
    "min_cacc_mean": 45.2,
    "min_cacc_std": 2.286482013924448
  },
  "distillation": {
    "acc_mean": 57.012,
    "acc_std": 0.5789784106510351,
    "auc_mean": 0.9115028277777778,
    "auc_std": 0.001560830101193072,
    "f1_mean": 0.5674198308240661,
    "f1_std": 0.0031899246747353997,
    "min_cacc_mean": 34.84,
    "min_cacc_std": 4.527515875179237
  }
}