{
  "enhanced0": {
    "accuracy_mean": 0.4936,
    "accuracy_std": 0.00787654746700608,
    "inference_time_mean": 0.0007755935192108154,
    "inference_time_std": 4.394635912797594e-05,
    "auc_mean": 0.8793694836049297,
    "auc_std": 0.0024970307529066597,
    "f1_mean": 0.4911755265573808,
    "f1_std": 0.007226365892421203
  },
  "enhanced1": {
    "accuracy_mean": 0.5041,
    "accuracy_std": 0.00706682389762189,
    "inference_time_mean": 0.006918896734714508,
    "inference_time_std": 0.0008651211953620849,
    "auc_mean": 0.8863367454780388,
    "auc_std": 0.005604387029703309,
    "f1_mean": 0.49747681288883233,
    "f1_std": 0.009348363922188584
  },
  "enhanced2": {
    "accuracy_mean": 0.5229999999999999,
    "accuracy_std": 0.00763544366752843,
    "inference_time_mean": 0.008495412766933441,
    "inference_time_std": 0.00012188286041349234,
    "auc_mean": 0.8930880924237714,
    "auc_std": 0.0037053104225015366,
    "f1_mean": 0.5206648821694388,
    "f1_std": 0.009175961616766511
  },
  "enhanced3": {
    "accuracy_mean": 0.5382,
    "accuracy_std": 0.009703607576566551,
    "inference_time_mean": 0.0104795902967453,
    "inference_time_std": 5.6624556920846264e-05,
    "auc_mean": 0.8956659529834046,
    "auc_std": 0.002096728322499269,
    "f1_mean": 0.5352394335360915,
    "f1_std": 0.011773102824296262
  },
  "enhanced4": {
    "accuracy_mean": 0.5426,
    "accuracy_std": 0.014224626532883066,
    "inference_time_mean": 0.012530617415904999,
    "inference_time_std": 0.00016317087170680678,
    "auc_mean": 0.8977887427554958,
    "auc_std": 0.006083457938230847,
    "f1_mean": 0.5408308603416493,
    "f1_std": 0.015611682804528761
  },
  "enhanced5": {
    "accuracy_mean": 0.55,
    "accuracy_std": 0.009751922887307928,
    "inference_time_mean": 0.014785796403884888,
    "inference_time_std": 0.0001565403267072459,
    "auc_mean": 0.899474674536302,
    "auc_std": 0.0044386131364862235,
    "f1_mean": 0.545118629035852,
    "f1_std": 0.012822343499429787
  },
  "enhanced6": {
    "accuracy_mean": 0.5604000000000001,
    "accuracy_std": 0.00952575456328786,
    "inference_time_mean": 0.017105259001255035,
    "inference_time_std": 0.00018528316948324052,
    "auc_mean": 0.9047409768706732,
    "auc_std": 0.0028857966936787615,
    "f1_mean": 0.5557628113081767,
    "f1_std": 0.009935773028589811
  },
  "enhanced7": {
    "accuracy_mean": 0.5622,
    "accuracy_std": 0.010433599570617975,
    "inference_time_mean": 0.01905917376279831,
    "inference_time_std": 0.00026637686025899525,
    "auc_mean": 0.9025830374920778,
    "auc_std": 0.004645452232866184,
    "f1_mean": 0.5606274324993615,
    "f1_std": 0.011497656669788834
  },
  "enhanced8": {
    "accuracy_mean": 0.5589000000000001,
    "accuracy_std": 0.008546344247688607,
    "inference_time_mean": 0.020667822659015657,
    "inference_time_std": 0.00032553710492222215,
    "auc_mean": 0.9056092957757143,
    "auc_std": 0.0020653356491966784,
    "f1_mean": 0.5601936086699428,
    "f1_std": 0.010210412837163283
  },
  "enhanced9": {
    "accuracy_mean": 0.5599000000000001,
    "accuracy_std": 0.012076423311560395,
    "inference_time_mean": 0.022155988216400146,
    "inference_time_std": 0.00022027631369353262,
    "auc_mean": 0.9035550815979334,
    "auc_std": 0.004134972311675408,
    "f1_mean": 0.5575711575239295,
    "f1_std": 0.013494386092997293
  },
  "enhanced10": {
    "accuracy_mean": 0.5616,
    "accuracy_std": 0.007439085965358886,
    "inference_time_mean": 0.0238239124417305,
    "inference_time_std": 0.0005104824776116952,
    "auc_mean": 0.9048707045486172,
    "auc_std": 0.003690107723426511,
    "f1_mean": 0.5613048398597545,
    "f1_std": 0.007540808133150451
  },
  "enhanced11": {
    "accuracy_mean": 0.5646000000000001,
    "accuracy_std": 0.0088509886453435,
    "inference_time_mean": 0.02543918341398239,
    "inference_time_std": 0.0002992776535167929,
    "auc_mean": 0.9070749918831584,
    "auc_std": 0.003220882659963417,
    "f1_mean": 0.5622721076132535,
    "f1_std": 0.010832429997059885
  },
  "enhanced12": {
    "accuracy_mean": 0.5710999999999999,
    "accuracy_std": 0.014378456106272338,
    "inference_time_mean": 0.02660738080739975,
    "inference_time_std": 0.00051985083214014,
    "auc_mean": 0.9076903967034742,
    "auc_std": 0.0034928110952233454,
    "f1_mean": 0.5679140194064664,
    "f1_std": 0.015800551428300585
  },
  "enhanced13": {
    "accuracy_mean": 0.5637,
    "accuracy_std": 0.01209793370786926,
    "inference_time_mean": 0.028918537497520446,
    "inference_time_std": 0.0004150640031234361,
    "auc_mean": 0.906518308661408,
    "auc_std": 0.0044172400175481845,
    "f1_mean": 0.5630415049142273,
    "f1_std": 0.013280331287184054
  },
  "enhanced14": {
    "accuracy_mean": 0.5660999999999999,
    "accuracy_std": 0.012764795337176374,
    "inference_time_mean": 0.030314433574676513,
    "inference_time_std": 0.0003888344113945706,
    "auc_mean": 0.9051148705783805,
    "auc_std": 0.0037869249459023895,
    "f1_mean": 0.5666878748026382,
    "f1_std": 0.013604667672410094
  },
  "enhanced15": {
    "accuracy_mean": 0.5706,
    "accuracy_std": 0.009345587193964862,
    "inference_time_mean": 0.03142659366130829,
    "inference_time_std": 0.0006160556844491024,
    "auc_mean": 0.9107062915256543,
    "auc_std": 0.0032772594981434885,
    "f1_mean": 0.5693134269181013,
    "f1_std": 0.010949259656810633
  }
}