{
  "lora": {
    "acc_mean": 20.156,
    "acc_std": 0.14840485167271236,
    "auc_mean": 0.8242420262626263,
    "auc_std": 0.001387355807322932,
    "f1_mean": 0.19564967448320253,
    "f1_std": 0.004423959546671283,
    "min_cacc_mean": 1.0,
    "min_cacc_std": 0.8944271909999159
  },
  "dann_gate": {
    "acc_mean": 16.330000000000002,
    "acc_std": 0.6019302285149009,
    "auc_mean": 0.8038409444444443,
    "auc_std": 0.007494503542934415,
    "f1_mean": 0.16328520780093592,
    "f1_std": 0.005326037187798978,
    "min_cacc_mean": 1.0,
    "min_cacc_std": 1.0954451150103321
  }
}