{
  "lora": {
    "acc_mean": 20.048000000000002,
    "acc_std": 0.17611359970201032,
    "auc_mean": 0.8246315232323231,
    "auc_std": 0.0016579815094139507,
    "f1_mean": 0.19529249362909534,
    "f1_std": 0.003535571558901377,
    "min_cacc_mean": 0.6,
    "min_cacc_std": 0.7999999999999999
  },
  "dann_gate": {
    "acc_mean": 17.558,
    "acc_std": 0.3267047596837242,
    "auc_mean": 0.8121959171717172,
    "auc_std": 0.002290298658895836,
    "f1_mean": 0.17195368669216754,
    "f1_std": 0.0031716123223985886,
    "min_cacc_mean": 0.0,
    "min_cacc_std": 0.0
  }
}