{
  "lora": {
    "acc_mean": 11.364,
    "acc_std": 0.18161497735594362,
    "auc_mean": 0.789878108080808,
    "auc_std": 0.0012914713363315609,
    "f1_mean": 0.09911464278701398,
    "f1_std": 0.0014589410795121094,
    "min_cacc_mean": 0.0,
    "min_cacc_std": 0.0
  },
  "dann_gate": {
    "acc_mean": 11.456,
    "acc_std": 0.2098189695904543,
    "auc_mean": 0.7893498363636363,
    "auc_std": 0.0012582801482956068,
    "f1_mean": 0.09885715640731503,
    "f1_std": 0.0016594267790895612,
    "min_cacc_mean": 0.0,
    "min_cacc_std": 0.0
  }
}