{
  "lora": {
    "acc_mean": 23.522,
    "acc_std": 0.08908422980528022,
    "auc_mean": 0.8669185878787878,
    "auc_std": 0.0014710302233275953,
    "f1_mean": 0.22495511399253748,
    "f1_std": 0.002278562198517149,
    "min_cacc_mean": 0.0,
    "min_cacc_std": 0.0
  },
  "dann_gate": {
    "acc_mean": 23.484,
    "acc_std": 0.1309350984266636,
    "auc_mean": 0.8671218757575756,
    "auc_std": 0.001766318193541707,
    "f1_mean": 0.22641235295006906,
    "f1_std": 0.0018991081465382835,
    "min_cacc_mean": 0.0,
    "min_cacc_std": 0.0
  }
}