{
  "lora": {
    "acc_mean": 22.558,
    "acc_std": 0.3892248707366991,
    "auc_mean": 0.853488295959596,
    "auc_std": 0.0008968246363819163,
    "f1_mean": 0.21286973514822477,
    "f1_std": 0.0022487500554735627,
    "min_cacc_mean": 0.0,
    "min_cacc_std": 0.0
  },
  "dann_gate": {
    "acc_mean": 20.722,
    "acc_std": 0.2363387399475593,
    "auc_mean": 0.8432337404040403,
    "auc_std": 0.00214719205363146,
    "f1_mean": 0.1965741691362894,
    "f1_std": 0.003086106344553267,
    "min_cacc_mean": 0.0,
    "min_cacc_std": 0.0
  }
}