{
  "lora": {
    "acc_mean": 22.538,
    "acc_std": 0.23861265683110805,
    "auc_mean": 0.8529102747474747,
    "auc_std": 0.0008269739737907457,
    "f1_mean": 0.2105403432013632,
    "f1_std": 0.002943395606881368,
    "min_cacc_mean": 0.0,
    "min_cacc_std": 0.0
  },
  "dann_gate": {
    "acc_mean": 16.201999999999998,
    "acc_std": 1.7880872461935409,
    "auc_mean": 0.8382474727272727,
    "auc_std": 0.015871804826683367,
    "f1_mean": 0.13952910851864528,
    "f1_std": 0.02044994125280118,
    "min_cacc_mean": 0.0,
    "min_cacc_std": 0.0
  }
}