{
  "lora": {
    "acc_mean": 6.824000000000001,
    "acc_std": 0.10365326815879945,
    "auc_mean": 0.7557567292929293,
    "auc_std": 0.0009609925148282586,
    "f1_mean": 0.046252839145270494,
    "f1_std": 0.0014921358518066759,
    "min_cacc_mean": 0.0,
    "min_cacc_std": 0.0
  },
  "dann_gate": {
    "acc_mean": 5.198,
    "acc_std": 0.39239775738400956,
    "auc_mean": 0.7341256404040404,
    "auc_std": 0.0054921702622373015,
    "f1_mean": 0.028537559982984267,
    "f1_std": 0.0032601260084286535,
    "min_cacc_mean": 0.0,
    "min_cacc_std": 0.0
  }
}