{
  "lora": {
    "acc_mean": 14.222,
    "acc_std": 0.2624042682579687,
    "auc_mean": 0.846552387878788,
    "auc_std": 0.0009996967106213795,
    "f1_mean": 0.12890800104309802,
    "f1_std": 0.0028336334880722435,
    "min_cacc_mean": 0.0,
    "min_cacc_std": 0.0
  },
  "dann_gate": {
    "acc_mean": 14.080000000000002,
    "acc_std": 0.37013511046643516,
    "auc_mean": 0.8465417292929291,
    "auc_std": 0.0012174045985462521,
    "f1_mean": 0.12798951852993695,
    "f1_std": 0.002263800742663946,
    "min_cacc_mean": 0.0,
    "min_cacc_std": 0.0
  }
}