{
  "lora": {
    "acc_mean": 6.632000000000001,
    "acc_std": 0.1779213309302739,
    "auc_mean": 0.7551133888888889,
    "auc_std": 0.001292252387230428,
    "f1_mean": 0.04619745186517689,
    "f1_std": 0.0034470073192514822,
    "min_cacc_mean": 0.0,
    "min_cacc_std": 0.0
  },
  "dann_gate": {
    "acc_mean": 4.082,
    "acc_std": 1.7758085482393646,
    "auc_mean": 0.7062344575757575,
    "auc_std": 0.0756498652515836,
    "f1_mean": 0.0193676524256239,
    "f1_std": 0.011825561858964521,
    "min_cacc_mean": 0.0,
    "min_cacc_std": 0.0
  }
}