{
  "lora": {
    "acc_mean": 1.9780000000000002,
    "acc_std": 0.27881176445767125,
    "auc_mean": 0.6239482303030303,
    "auc_std": 0.0041490343536655875,
    "f1_mean": 0.002168309093284454,
    "f1_std": 0.0005177061477859571,
    "min_cacc_mean": 0.0,
    "min_cacc_std": 0.0
  },
  "dann_gate": {
    "acc_mean": 1.36,
    "acc_std": 0.7562803712909651,
    "auc_mean": 0.5544425121212122,
    "auc_std": 0.047497366613365656,
    "f1_mean": 0.0013207657238186888,
    "f1_std": 0.0020804497055543635,
    "min_cacc_mean": 0.0,
    "min_cacc_std": 0.0
  }
}