{
  "lora": {
    "acc_mean": 17.218,
    "acc_std": 0.2838591199873626,
    "auc_mean": 0.8566406292929294,
    "auc_std": 0.002020117546119295,
    "f1_mean": 0.1456541654514599,
    "f1_std": 0.00330157460349832,
    "min_cacc_mean": 0.0,
    "min_cacc_std": 0.0
  },
  "dann_gate": {
    "acc_mean": 6.438,
    "acc_std": 1.291067775138083,
    "auc_mean": 0.761889395959596,
    "auc_std": 0.020663639118047018,
    "f1_mean": 0.03223546731817102,
    "f1_std": 0.009966253236551216,
    "min_cacc_mean": 0.0,
    "min_cacc_std": 0.0
  }
}