{
  "lora": {
    "acc_mean": 17.244,
    "acc_std": 0.3313366867704219,
    "auc_mean": 0.8567647949494948,
    "auc_std": 0.0018260231896389918,
    "f1_mean": 0.14626502182078022,
    "f1_std": 0.005331350716275217,
    "min_cacc_mean": 0.0,
    "min_cacc_std": 0.0
  },
  "dann_gate": {
    "acc_mean": 15.016,
    "acc_std": 0.38727767815870795,
    "auc_mean": 0.8472389626262625,
    "auc_std": 0.0019557497653965228,
    "f1_mean": 0.12386122943954392,
    "f1_std": 0.0041454544734059965,
    "min_cacc_mean": 0.0,
    "min_cacc_std": 0.0
  }
}