{
  "lora": {
    "acc_mean": 6.973999999999999,
    "acc_std": 0.06590902821313632,
    "auc_mean": 0.7389680838383839,
    "auc_std": 0.001471616675432207,
    "f1_mean": 0.04277259180698641,
    "f1_std": 0.0013693571847932743,
    "min_cacc_mean": 0.0,
    "min_cacc_std": 0.0
  },
  "dann_gate": {
    "acc_mean": 6.913999999999999,
    "acc_std": 0.2301825362619848,
    "auc_mean": 0.7391560414141414,
    "auc_std": 0.0015738876043729477,
    "f1_mean": 0.042867247843842604,
    "f1_std": 0.001446321846989649,
    "min_cacc_mean": 0.0,
    "min_cacc_std": 0.0
  }
}