{
  "lora": {
    "acc_mean": 26.116000000000003,
    "acc_std": 0.05043808085167411,
    "auc_mean": 0.8690696737373736,
    "auc_std": 0.0018132753466146966,
    "f1_mean": 0.2575883621744489,
    "f1_std": 0.0021643801020923897,
    "min_cacc_mean": 3.8,
    "min_cacc_std": 0.39999999999999997
  },
  "dann_gate": {
    "acc_mean": 24.002000000000002,
    "acc_std": 0.36679149390355265,
    "auc_mean": 0.8594808141414141,
    "auc_std": 0.0013143573421055398,
    "f1_mean": 0.23975893481969884,
    "f1_std": 0.004722151580594269,
    "min_cacc_mean": 2.4,
    "min_cacc_std": 0.8
  }
}