{
  "lora": {
    "acc_mean": 26.014,
    "acc_std": 0.30077233915371915,
    "auc_mean": 0.8696897404040405,
    "auc_std": 0.002000940993283405,
    "f1_mean": 0.257422198332311,
    "f1_std": 0.0041139210591407205,
    "min_cacc_mean": 3.2,
    "min_cacc_std": 0.7483314773547882
  },
  "dann_gate": {
    "acc_mean": 19.564,
    "acc_std": 0.9928061240745849,
    "auc_mean": 0.8659182161616163,
    "auc_std": 0.004415241006914771,
    "f1_mean": 0.18713011197918344,
    "f1_std": 0.012830726121362584,
    "min_cacc_mean": 0.0,
    "min_cacc_std": 0.0
  }
}