{
  "lora": {
    "acc_mean": 25.566,
    "acc_std": 0.12322337440599473,
    "auc_mean": 0.8803426595959596,
    "auc_std": 0.0006135123545943645,
    "f1_mean": 0.25241034689471287,
    "f1_std": 0.0018461851198205276,
    "min_cacc_mean": 4.2,
    "min_cacc_std": 0.7483314773547882
  },
  "dann_gate": {
    "acc_mean": 25.53,
    "acc_std": 0.2191802910847593,
    "auc_mean": 0.8794161727272727,
    "auc_std": 0.0006915724664733815,
    "f1_mean": 0.25177232462975996,
    "f1_std": 0.0023004466929151123,
    "min_cacc_mean": 3.4,
    "min_cacc_std": 1.4966629547095767
  }
}