{
  "lora": {
    "acc_mean": 2.0100000000000002,
    "acc_std": 0.1764086165695995,
    "auc_mean": 0.6251471444444444,
    "auc_std": 0.003230987154396358,
    "f1_mean": 0.0025879044030849493,
    "f1_std": 0.0005505835450718625,
    "min_cacc_mean": 0.0,
    "min_cacc_std": 0.0
  },
  "dann_gate": {
    "acc_mean": 1.0,
    "acc_std": 0.0,
    "auc_mean": 0.5753723383838383,
    "auc_std": 0.011318410008984776,
    "f1_mean": 0.00019801980198019803,
    "f1_std": 2.710505431213761e-20,
    "min_cacc_mean": 0.0,
    "min_cacc_std": 0.0
  }
}