{
  "adapter_1x": {
    "accuracy": {
      "mean": 65.73333333333333,
      "std": 0.6128258770283411
    },
    "auc": {
      "mean": 0.720196,
      "std": 0.0011774820593113537
    },
    "f1": {
      "mean": 0.6556271580188446,
      "std": 0.007888971203161796
    },
    "min_class_acc": {
      "mean": 60.199999999999996,
      "std": 4.684726957536229
    }
  },
  "adapter_25x": {
    "accuracy": {
      "mean": 65.89999999999999,
      "std": 0.3741657386773906
    },
    "auc": {
      "mean": 0.7203506666666666,
      "std": 0.0008867639044425055
    },
    "f1": {
      "mean": 0.6585493963585952,
      "std": 0.00403735301130901
    },
    "min_class_acc": {
      "mean": 62.46666666666667,
      "std": 1.5173075568988064
    }
  },
  "adapter_50x": {
    "accuracy": {
      "mean": 66.23333333333333,
      "std": 0.2624669291337254
    },
    "auc": {
      "mean": 0.7207560000000001,
      "std": 0.0007957151919290038
    },
    "f1": {
      "mean": 0.6621719942165938,
      "std": 0.002674928283833842
    },
    "min_class_acc": {
      "mean": 64.26666666666667,
      "std": 1.0498677165349097
    }
  },
  "adapter_100x": {
    "accuracy": {
      "mean": 65.76666666666667,
      "std": 0.2624669291337254
    },
    "auc": {
      "mean": 0.7230573333333333,
      "std": 0.002604431778505432
    },
    "f1": {
      "mean": 0.655375116373046,
      "std": 0.002918418774936354
    },
    "min_class_acc": {
      "mean": 58.46666666666666,
      "std": 3.6233808644536514
    }
  },
  "adapter_500x": {
    "accuracy": {
      "mean": 65.56666666666666,
      "std": 0.2054804667656324
    },
    "auc": {
      "mean": 0.7199306666666668,
      "std": 0.0020583108500796744
    },
    "f1": {
      "mean": 0.6542690826470942,
      "std": 0.0027546563272226664
    },
    "min_class_acc": {
      "mean": 59.666666666666664,
      "std": 2.4997777679003588
    }
  }
}