{
  "0.8": {
    "pretrained": {
      "acc": 13.88,
      "auc": 0.6885428055555556,
      "f1": 0.05170095658047538,
      "min_cacc": 0.0
    },
    "grids": {
      "h0_tiny": {
        "scratch": {
          "acc_mean": 54.178,
          "acc_std": 1.0052541967084732,
          "auc_mean": 0.9024252622222221,
          "auc_std": 0.002483917317477943,
          "f1_mean": 0.5365684658357566,
          "f1_std": 0.011082144732682177,
          "min_cacc_mean": 28.78,
          "min_cacc_std": 1.1923086848631104
        },
        "enhanced": {
          "acc_mean": 53.05800000000001,
          "acc_std": 0.7473794217129605,
          "auc_mean": 0.9005696988888887,
          "auc_std": 0.0015324241583610071,
          "f1_mean": 0.5209773580622816,
          "f1_std": 0.011572163572487856,
          "min_cacc_mean": 21.2,
          "min_cacc_std": 7.411882352007484
        }
      },
      "h1_small": {
        "scratch": {
          "acc_mean": 56.89399999999999,
          "acc_std": 1.0244335019902449,
          "auc_mean": 0.9083421899999999,
          "auc_std": 0.002460554253744902,
          "f1_mean": 0.5658355637574694,
          "f1_std": 0.010327377939202256,
          "min_cacc_mean": 34.599999999999994,
          "min_cacc_std": 2.5907527863538036
        },
        "enhanced": {
          "acc_mean": 56.034000000000006,
          "acc_std": 0.8759589031455765,
          "auc_mean": 0.9067929844444444,
          "auc_std": 0.003082397101334154,
          "f1_mean": 0.5589806906850695,
          "f1_std": 0.00887564407984901,
          "min_cacc_mean": 30.82,
          "min_cacc_std": 5.898270933078608
        }
      },
      "h2_base": {
        "scratch": {
          "acc_mean": 56.790000000000006,
          "acc_std": 1.2315356267684663,
          "auc_mean": 0.9077936255555554,
          "auc_std": 0.0036642962581125127,
          "f1_mean": 0.5670448012951892,
          "f1_std": 0.009413184007414572,
          "min_cacc_mean": 36.8,
          "min_cacc_std": 4.281121348431974
        },
        "enhanced": {
          "acc_mean": 57.434000000000005,
          "acc_std": 0.33230106831004985,
          "auc_mean": 0.9088705977777778,
          "auc_std": 0.0011476666773625028,
          "f1_mean": 0.5732691165128364,
          "f1_std": 0.0029523347139979402,
          "min_cacc_mean": 37.74,
          "min_cacc_std": 3.5353076245215207
        }
      },
      "h3_large": {
        "scratch": {
          "acc_mean": 57.852,
          "acc_std": 0.9881174019315738,
          "auc_mean": 0.9101069255555554,
          "auc_std": 0.003451920942420812,
          "f1_mean": 0.5751777898661201,
          "f1_std": 0.012698446171295431,
          "min_cacc_mean": 38.04,
          "min_cacc_std": 3.8851512197081846
        },
        "enhanced": {
          "acc_mean": 57.262,
          "acc_std": 0.3666278767360719,
          "auc_mean": 0.9086058722222223,
          "auc_std": 0.0017961307380032208,
          "f1_mean": 0.5711847739526971,
          "f1_std": 0.0057064542246946185,
          "min_cacc_mean": 36.0,
          "min_cacc_std": 4.010486254807515
        }
      },
      "h4_xlarge": {
        "scratch": {
          "acc_mean": 58.605999999999995,
          "acc_std": 0.6487094881377966,
          "auc_mean": 0.912269188888889,
          "auc_std": 0.002163564788117687,
          "f1_mean": 0.5833850105773528,
          "f1_std": 0.006266959652980573,
          "min_cacc_mean": 35.02,
          "min_cacc_std": 5.703121952053981
        },
        "enhanced": {
          "acc_mean": 59.378,
          "acc_std": 0.44557378737982345,
          "auc_mean": 0.9143317544444445,
          "auc_std": 0.0014833014920319868,
          "f1_mean": 0.5904615847166023,
          "f1_std": 0.005345062179152522,
          "min_cacc_mean": 37.06,
          "min_cacc_std": 4.938258802452539
        }
      }
    }
  },
  "0.0": {
    "pretrained": {
      "acc": 65.7,
      "auc": 0.9307706666666669,
      "f1": 0.6579614479692014,
      "min_cacc": 48.6
    },
    "grids": {
      "h0_tiny": {
        "scratch": {
          "acc_mean": 53.992000000000004,
          "acc_std": 1.1738040722369307,
          "auc_mean": 0.9007552600000001,
          "auc_std": 0.003912261416171126,
          "f1_mean": 0.538323629285139,
          "f1_std": 0.012187044293944821,
          "min_cacc_mean": 33.480000000000004,
          "min_cacc_std": 4.0563037361617775
        },
        "enhanced": {
          "acc_mean": 65.608,
          "acc_std": 0.4685893724787197,
          "auc_mean": 0.9369252966666666,
          "auc_std": 0.0010755232813890998,
          "f1_mean": 0.6543711167254436,
          "f1_std": 0.007539035730710948,
          "min_cacc_mean": 40.54,
          "min_cacc_std": 9.024765924942319
        }
      },
      "h1_small": {
        "scratch": {
          "acc_mean": 56.098,
          "acc_std": 0.7613251604932022,
          "auc_mean": 0.9059164488888889,
          "auc_std": 0.0018292680737110644,
          "f1_mean": 0.5585636599997982,
          "f1_std": 0.006525357181709911,
          "min_cacc_mean": 35.28,
          "min_cacc_std": 4.076959651505029
        },
        "enhanced": {
          "acc_mean": 66.006,
          "acc_std": 0.3569649842771716,
          "auc_mean": 0.9377789766666667,
          "auc_std": 0.0011647376983702495,
          "f1_mean": 0.6590368266352076,
          "f1_std": 0.005433302324877077,
          "min_cacc_mean": 45.760000000000005,
          "min_cacc_std": 3.7643591752116317
        }
      },
      "h2_base": {
        "scratch": {
          "acc_mean": 56.914,
          "acc_std": 0.7329283730351831,
          "auc_mean": 0.9067702322222223,
          "auc_std": 0.0031460962810261157,
          "f1_mean": 0.5685109443958173,
          "f1_std": 0.007058966690395181,
          "min_cacc_mean": 35.980000000000004,
          "min_cacc_std": 3.1160231064611836
        },
        "enhanced": {
          "acc_mean": 65.696,
          "acc_std": 0.36434050008199687,
          "auc_mean": 0.9379840811111112,
          "auc_std": 0.000615781858156431,
          "f1_mean": 0.6563474462413071,
          "f1_std": 0.004267161490735276,
          "min_cacc_mean": 40.760000000000005,
          "min_cacc_std": 3.6696593847385888
        }
      },
      "h3_large": {
        "scratch": {
          "acc_mean": 57.664,
          "acc_std": 1.3557669416238172,
          "auc_mean": 0.9090975099999999,
          "auc_std": 0.0031786676464418545,
          "f1_mean": 0.5767253769132299,
          "f1_std": 0.012194541626965111,
          "min_cacc_mean": 36.279999999999994,
          "min_cacc_std": 3.3426935246893326
        },
        "enhanced": {
          "acc_mean": 65.97,
          "acc_std": 0.22297981971470038,
          "auc_mean": 0.9379861722222221,
          "auc_std": 0.0008045959268362532,
          "f1_mean": 0.6559323378358799,
          "f1_std": 0.0038200602206568584,
          "min_cacc_mean": 36.38,
          "min_cacc_std": 7.295861840797152
        }
      },
      "h4_xlarge": {
        "scratch": {
          "acc_mean": 58.25600000000001,
          "acc_std": 0.6328538535870649,
          "auc_mean": 0.9108879577777778,
          "auc_std": 0.0018589911387153788,
          "f1_mean": 0.5810170588741397,
          "f1_std": 0.005803489730423599,
          "min_cacc_mean": 37.94,
          "min_cacc_std": 2.4759644585494356
        },
        "enhanced": {
          "acc_mean": 65.686,
          "acc_std": 0.5338389270182522,
          "auc_mean": 0.937504231111111,
          "auc_std": 0.0006585499863907497,
          "f1_mean": 0.6544534710432565,
          "f1_std": 0.003514152477749056,
          "min_cacc_mean": 33.24,
          "min_cacc_std": 3.469063274141883
        }
      }
    }
  }
}