{
  "enhanced_l1": {
    "acc_mean": 65.418,
    "acc_std": 0.292807103738963,
    "auc_mean": 0.9372242366666667,
    "auc_std": 0.000465878346590826,
    "f1_mean": 0.6544391533055218,
    "f1_std": 0.0025946964542783225,
    "min_cacc_mean": 47.17999999999999,
    "min_cacc_std": 1.3437261625792658
  },
  "enhanced_l2": {
    "acc_mean": 65.39599999999999,
    "acc_std": 0.16044936896105308,
    "auc_mean": 0.9362673522222222,
    "auc_std": 0.0006025560777099499,
    "f1_mean": 0.6541982659788672,
    "f1_std": 0.0015264441281424854,
    "min_cacc_mean": 47.519999999999996,
    "min_cacc_std": 2.968770789400891
  },
  "enhanced_l3": {
    "acc_mean": 65.57000000000001,
    "acc_std": 0.2812116640539665,
    "auc_mean": 0.9352868911111111,
    "auc_std": 0.0007694070942767859,
    "f1_mean": 0.6557774856187896,
    "f1_std": 0.0022627864047518533,
    "min_cacc_mean": 47.839999999999996,
    "min_cacc_std": 1.8778711350888804
  }
}