{
  "enhanced_l1": {
    "acc_mean": 65.28999999999999,
    "acc_std": 0.20784609690826933,
    "auc_mean": 0.9354721577777777,
    "auc_std": 0.0006556101447761403,
    "f1_mean": 0.6529033522768095,
    "f1_std": 0.0026697557590011963,
    "min_cacc_mean": 46.620000000000005,
    "min_cacc_std": 1.548418548067673
  },
  "enhanced_l2": {
    "acc_mean": 65.34,
    "acc_std": 0.21559220765139217,
    "auc_mean": 0.9342890444444445,
    "auc_std": 0.0007694151981526051,
    "f1_mean": 0.6535612581358764,
    "f1_std": 0.0018671879720814765,
    "min_cacc_mean": 48.58,
    "min_cacc_std": 0.5979966555090414
  },
  "enhanced_l3": {
    "acc_mean": 65.15,
    "acc_std": 0.19152023391798437,
    "auc_mean": 0.9309480966666668,
    "auc_std": 0.0008875739388125135,
    "f1_mean": 0.6511104936140224,
    "f1_std": 0.0020458706602146976,
    "min_cacc_mean": 45.68,
    "min_cacc_std": 3.976631740556322
  }
}