{
  "enhanced_l1": {
    "acc_mean": 23.104,
    "acc_std": 1.4725026315765952,
    "auc_mean": 0.76267691,
    "auc_std": 0.023312218711733192,
    "f1_mean": 0.16728420751675382,
    "f1_std": 0.02708052907123736,
    "min_cacc_mean": 0.62,
    "min_cacc_std": 1.24
  },
  "enhanced_l2": {
    "acc_mean": 24.448,
    "acc_std": 0.7632666637552044,
    "auc_mean": 0.7842829933333333,
    "auc_std": 0.005298401401201286,
    "f1_mean": 0.17164457095553884,
    "f1_std": 0.010481163915488308,
    "min_cacc_mean": 0.0,
    "min_cacc_std": 0.0
  },
  "enhanced_l3": {
    "acc_mean": 21.37,
    "acc_std": 0.7644082678778403,
    "auc_mean": 0.7631145433333334,
    "auc_std": 0.003085495692952285,
    "f1_mean": 0.1289605151520616,
    "f1_std": 0.015157275568680354,
    "min_cacc_mean": 0.0,
    "min_cacc_std": 0.0
  }
}