{
  "enhanced_l1": {
    "acc_mean": 49.870000000000005,
    "acc_std": 1.6168364172049075,
    "auc_mean": 0.8697396033333333,
    "auc_std": 0.005679914643190758,
    "f1_mean": 0.49757447759910817,
    "f1_std": 0.017711520471566638,
    "min_cacc_mean": 26.28,
    "min_cacc_std": 6.758816464441094
  },
  "enhanced_l2": {
    "acc_mean": 48.65,
    "acc_std": 0.6719821426198758,
    "auc_mean": 0.8650580977777779,
    "auc_std": 0.003646370363548931,
    "f1_mean": 0.4870606868084019,
    "f1_std": 0.007051049343244757,
    "min_cacc_mean": 28.340000000000003,
    "min_cacc_std": 5.683871919739219
  },
  "enhanced_l3": {
    "acc_mean": 49.019999999999996,
    "acc_std": 1.3707953895457925,
    "auc_mean": 0.8652394999999998,
    "auc_std": 0.006115938968260075,
    "f1_mean": 0.492982248467057,
    "f1_std": 0.013224210000731684,
    "min_cacc_mean": 30.839999999999996,
    "min_cacc_std": 3.889267283178157
  }
}