{
  "base_model": {
    "accuracy": {
      "mean": 0.3016,
      "std": 0.004188078318274389
    },
    "auc": {
      "mean": 0.7345275033501462,
      "std": 0.0030931653675403937
    },
    "f1": {
      "mean": 0.2745309137527284,
      "std": 0.002554382431127733
    }
  },
  "external_models": {
    "external1": {
      "accuracy": {
        "mean": 0.07070000000000001,
        "std": 0.004202380277890137
      },
      "auc": {
        "mean": 0.5144843953195855,
        "std": 0.0050822858810690395
      },
      "f1": {
        "mean": 0.06192219062814279,
        "std": 0.0035818103214651747
      }
    },
    "external2": {
      "accuracy": {
        "mean": 0.2848,
        "std": 0.006038211655780197
      },
      "auc": {
        "mean": 0.7453515013091239,
        "std": 0.002461424408271055
      },
      "f1": {
        "mean": 0.24452640953937524,
        "std": 0.006213583112777074
      }
    },
    "external3": {
      "accuracy": {
        "mean": 0.07250000000000001,
        "std": 0.003178049716414138
      },
      "auc": {
        "mean": 0.534113487073707,
        "std": 0.007381828567601534
      },
      "f1": {
        "mean": 0.06931925867779712,
        "std": 0.00316081086240931
      }
    },
    "external4": {
      "accuracy": {
        "mean": 0.2242,
        "std": 0.0038288379438153326
      },
      "auc": {
        "mean": 0.7089598226427546,
        "std": 0.00279909520584144
      },
      "f1": {
        "mean": 0.15918787502274015,
        "std": 0.006122214340294567
      }
    },
    "external5": {
      "accuracy": {
        "mean": 0.0781,
        "std": 0.0023108440016582706
      },
      "auc": {
        "mean": 0.5461600476070128,
        "std": 0.007847940604106063
      },
      "f1": {
        "mean": 0.06959597884130635,
        "std": 0.0017745148407770437
      }
    },
    "external6": {
      "accuracy": {
        "mean": 0.25539999999999996,
        "std": 0.008918520056601327
      },
      "auc": {
        "mean": 0.7246480859723377,
        "std": 0.005871475922398686
      },
      "f1": {
        "mean": 0.1996851308341659,
        "std": 0.012211725964909902
      }
    },
    "external7": {
      "accuracy": {
        "mean": 0.0811,
        "std": 0.005122499389946279
      },
      "auc": {
        "mean": 0.5426059768115649,
        "std": 0.006757862005552253
      },
      "f1": {
        "mean": 0.07038631322690965,
        "std": 0.005077455522224996
      }
    },
    "external8": {
      "accuracy": {
        "mean": 0.3040999999999999,
        "std": 0.009451983918733683
      },
      "auc": {
        "mean": 0.7537883846373707,
        "std": 0.0042388029007421535
      },
      "f1": {
        "mean": 0.2639056012856733,
        "std": 0.009674956766140724
      }
    }
  },
  "enhanced_models": {
    "enhanced1": {
      "accuracy": {
        "mean": 0.2935,
        "std": 0.005224940191045257
      },
      "auc": {
        "mean": 0.7508573103481803,
        "std": 0.003591748144004496
      },
      "f1": {
        "mean": 0.2604722019326697,
        "std": 0.005040369979219581
      }
    },
    "enhanced2": {
      "accuracy": {
        "mean": 0.30469999999999997,
        "std": 0.005938013135721415
      },
      "auc": {
        "mean": 0.7631492948202878,
        "std": 0.003026722440696651
      },
      "f1": {
        "mean": 0.2716579847528472,
        "std": 0.007170255088739919
      }
    },
    "enhanced3": {
      "accuracy": {
        "mean": 0.3295,
        "std": 0.00820365772079748
      },
      "auc": {
        "mean": 0.7774372717553604,
        "std": 0.002100407524464136
      },
      "f1": {
        "mean": 0.3156911065448581,
        "std": 0.0077405503562852935
      }
    },
    "enhanced4": {
      "accuracy": {
        "mean": 0.3309,
        "std": 0.005257375771237971
      },
      "auc": {
        "mean": 0.7782886245298926,
        "std": 0.001991707517210287
      },
      "f1": {
        "mean": 0.3151309884182274,
        "std": 0.0054818578521719005
      }
    },
    "enhanced5": {
      "accuracy": {
        "mean": 0.3336,
        "std": 0.008002499609497015
      },
      "auc": {
        "mean": 0.7809071090890243,
        "std": 0.0018458217932910282
      },
      "f1": {
        "mean": 0.31946426067068434,
        "std": 0.008302464306014721
      }
    },
    "enhanced6": {
      "accuracy": {
        "mean": 0.33420000000000005,
        "std": 0.006054750201288247
      },
      "auc": {
        "mean": 0.7863481027329635,
        "std": 0.0017115761407086975
      },
      "f1": {
        "mean": 0.31493271926284616,
        "std": 0.005776030627370491
      }
    },
    "enhanced7": {
      "accuracy": {
        "mean": 0.34159999999999996,
        "std": 0.006733498347812951
      },
      "auc": {
        "mean": 0.7894224456440775,
        "std": 0.0019669078373270184
      },
      "f1": {
        "mean": 0.3337810753433024,
        "std": 0.007119650329579683
      }
    },
    "enhanced8": {
      "accuracy": {
        "mean": 0.3412,
        "std": 0.006801470429252772
      },
      "auc": {
        "mean": 0.7951657293396034,
        "std": 0.001801795737776284
      },
      "f1": {
        "mean": 0.32598944847126743,
        "std": 0.006984072394290695
      }
    }
  },
  "naive_models": {
    "naive1": {
      "accuracy": {
        "mean": 0.27549999999999997,
        "std": 0.006395310782127772
      },
      "auc": {
        "mean": 0.7346449571565138,
        "std": 0.003702813847627453
      },
      "f1": {
        "mean": 0.22905378153456818,
        "std": 0.0059152894221479405
      }
    },
    "naive2": {
      "accuracy": {
        "mean": 0.2859,
        "std": 0.009393614852653887
      },
      "auc": {
        "mean": 0.7471667795359916,
        "std": 0.00404181529857686
      },
      "f1": {
        "mean": 0.2422531638298076,
        "std": 0.008952395777706394
      }
    },
    "naive3": {
      "accuracy": {
        "mean": 0.3046,
        "std": 0.00813879597975033
      },
      "auc": {
        "mean": 0.7602792096860984,
        "std": 0.003226802213867156
      },
      "f1": {
        "mean": 0.2737203493613785,
        "std": 0.006881088809223212
      }
    },
    "naive4": {
      "accuracy": {
        "mean": 0.3054,
        "std": 0.009156418513807685
      },
      "auc": {
        "mean": 0.7621898267619376,
        "std": 0.0029027160575471147
      },
      "f1": {
        "mean": 0.27175336527768756,
        "std": 0.008415582530686343
      }
    },
    "naive5": {
      "accuracy": {
        "mean": 0.3054,
        "std": 0.008434453153583824
      },
      "auc": {
        "mean": 0.762809414926059,
        "std": 0.002560447764949306
      },
      "f1": {
        "mean": 0.27528101194241866,
        "std": 0.008333284336715933
      }
    },
    "naive6": {
      "accuracy": {
        "mean": 0.312,
        "std": 0.006123724356957951
      },
      "auc": {
        "mean": 0.7686823962393292,
        "std": 0.0028110036070236695
      },
      "f1": {
        "mean": 0.28292768199553187,
        "std": 0.006095468771271732
      }
    },
    "naive7": {
      "accuracy": {
        "mean": 0.3156,
        "std": 0.005678027826631361
      },
      "auc": {
        "mean": 0.7719796840032991,
        "std": 0.0028145638472421735
      },
      "f1": {
        "mean": 0.29005391847071965,
        "std": 0.006788536044472677
      }
    },
    "naive8": {
      "accuracy": {
        "mean": 0.32110000000000005,
        "std": 0.0072138755187485795
      },
      "auc": {
        "mean": 0.7759685596215103,
        "std": 0.0027413191747040666
      },
      "f1": {
        "mean": 0.29381454744846497,
        "std": 0.007520671806245883
      }
    }
  }
}