{
  "base_model": {
    "accuracy": {
      "mean": 0.4849,
      "std": 0.012338557452149733
    },
    "auc": {
      "mean": 0.8786642298842956,
      "std": 0.003884640865838399
    },
    "f1": {
      "mean": 0.47476677127198713,
      "std": 0.011016356332015968
    }
  },
  "external_models": {
    "external1": {
      "accuracy": {
        "mean": 0.49079999999999996,
        "std": 0.0179794326940535
      },
      "auc": {
        "mean": 0.8780218373805935,
        "std": 0.0017777925838665983
      },
      "f1": {
        "mean": 0.4859697702017856,
        "std": 0.018752965904180022
      }
    },
    "external2": {
      "accuracy": {
        "mean": 0.4894,
        "std": 0.01017546067753201
      },
      "auc": {
        "mean": 0.8793642948113882,
        "std": 0.0032503176003572977
      },
      "f1": {
        "mean": 0.4856148703139892,
        "std": 0.009507888281341588
      }
    },
    "external3": {
      "accuracy": {
        "mean": 0.489,
        "std": 0.016146206984923722
      },
      "auc": {
        "mean": 0.8787641625327417,
        "std": 0.004467604005467638
      },
      "f1": {
        "mean": 0.4777916859358292,
        "std": 0.015401235007299596
      }
    },
    "external4": {
      "accuracy": {
        "mean": 0.5091,
        "std": 0.008206095295571451
      },
      "auc": {
        "mean": 0.8839665285294768,
        "std": 0.003579362956696525
      },
      "f1": {
        "mean": 0.5070039964330173,
        "std": 0.007102037263876801
      }
    },
    "external5": {
      "accuracy": {
        "mean": 0.4936999999999999,
        "std": 0.010519505691808904
      },
      "auc": {
        "mean": 0.881173793792601,
        "std": 0.0023696243672403023
      },
      "f1": {
        "mean": 0.4899940996182089,
        "std": 0.010044066001062724
      }
    },
    "external6": {
      "accuracy": {
        "mean": 0.4941999999999999,
        "std": 0.009031057523900498
      },
      "auc": {
        "mean": 0.8790835389700838,
        "std": 0.002417784653855444
      },
      "f1": {
        "mean": 0.4863186379806299,
        "std": 0.008802504594735139
      }
    },
    "external7": {
      "accuracy": {
        "mean": 0.48579999999999995,
        "std": 0.012484390253432476
      },
      "auc": {
        "mean": 0.8757371447696392,
        "std": 0.002720289421735883
      },
      "f1": {
        "mean": 0.4804036082660327,
        "std": 0.011565658832931196
      }
    },
    "external8": {
      "accuracy": {
        "mean": 0.49240000000000006,
        "std": 0.00662117814289873
      },
      "auc": {
        "mean": 0.8841046848926475,
        "std": 0.0032290716840847403
      },
      "f1": {
        "mean": 0.4837198024213329,
        "std": 0.006317202835461767
      }
    }
  },
  "enhanced_models": {
    "enhanced1": {
      "accuracy": {
        "mean": 0.5018999999999999,
        "std": 0.014850589213899899
      },
      "auc": {
        "mean": 0.8852268740755187,
        "std": 0.0019125301173004766
      },
      "f1": {
        "mean": 0.49691337644178846,
        "std": 0.014283760360082507
      }
    },
    "enhanced2": {
      "accuracy": {
        "mean": 0.5205,
        "std": 0.008579044235810917
      },
      "auc": {
        "mean": 0.8903696405145055,
        "std": 0.003539719968167834
      },
      "f1": {
        "mean": 0.5213803005384625,
        "std": 0.007912531133051903
      }
    },
    "enhanced3": {
      "accuracy": {
        "mean": 0.5283,
        "std": 0.007619711280619523
      },
      "auc": {
        "mean": 0.8920971053346353,
        "std": 0.003609670168046731
      },
      "f1": {
        "mean": 0.5249799290947965,
        "std": 0.007298713280646266
      }
    },
    "enhanced4": {
      "accuracy": {
        "mean": 0.5347,
        "std": 0.0156256199876997
      },
      "auc": {
        "mean": 0.8952786125362735,
        "std": 0.003156571404552361
      },
      "f1": {
        "mean": 0.5347116755884068,
        "std": 0.015507959939635836
      }
    },
    "enhanced5": {
      "accuracy": {
        "mean": 0.5429,
        "std": 0.012379014500355027
      },
      "auc": {
        "mean": 0.8973230689501829,
        "std": 0.0030664769689653674
      },
      "f1": {
        "mean": 0.5389349732112925,
        "std": 0.011521868832505396
      }
    },
    "enhanced6": {
      "accuracy": {
        "mean": 0.544,
        "std": 0.011242775458044169
      },
      "auc": {
        "mean": 0.8985105518807297,
        "std": 0.0027751843438259603
      },
      "f1": {
        "mean": 0.5448666740196714,
        "std": 0.010410259468295605
      }
    },
    "enhanced7": {
      "accuracy": {
        "mean": 0.5454000000000001,
        "std": 0.010711675872616752
      },
      "auc": {
        "mean": 0.9002943421954523,
        "std": 0.0026709215356452705
      },
      "f1": {
        "mean": 0.5400469620142012,
        "std": 0.010297963555566926
      }
    },
    "enhanced8": {
      "accuracy": {
        "mean": 0.5568000000000001,
        "std": 0.010993634521849436
      },
      "auc": {
        "mean": 0.9023045876105776,
        "std": 0.0027515340605351324
      },
      "f1": {
        "mean": 0.5566305876965836,
        "std": 0.010743664068303203
      }
    }
  },
  "naive_models": {
    "naive1": {
      "accuracy": {
        "mean": 0.49609999999999993,
        "std": 0.012819516371532887
      },
      "auc": {
        "mean": 0.880218244856535,
        "std": 0.003622918885356415
      },
      "f1": {
        "mean": 0.4934427068309942,
        "std": 0.012596819001030712
      }
    },
    "naive2": {
      "accuracy": {
        "mean": 0.522,
        "std": 0.006196773353931886
      },
      "auc": {
        "mean": 0.8897019308184255,
        "std": 0.003207182460626382
      },
      "f1": {
        "mean": 0.520232925182561,
        "std": 0.00598750006429284
      }
    },
    "naive3": {
      "accuracy": {
        "mean": 0.5267999999999999,
        "std": 0.010012991560967218
      },
      "auc": {
        "mean": 0.8916065267028805,
        "std": 0.0038909213410227676
      },
      "f1": {
        "mean": 0.5224929244485498,
        "std": 0.00958421605146241
      }
    },
    "naive4": {
      "accuracy": {
        "mean": 0.5442,
        "std": 0.01580379701211073
      },
      "auc": {
        "mean": 0.8947880630754808,
        "std": 0.004548471247943396
      },
      "f1": {
        "mean": 0.5435389542992168,
        "std": 0.015269709254377064
      }
    },
    "naive5": {
      "accuracy": {
        "mean": 0.5344,
        "std": 0.0053516352641038755
      },
      "auc": {
        "mean": 0.8948332377098971,
        "std": 0.0025429472052354513
      },
      "f1": {
        "mean": 0.5320610296016025,
        "std": 0.004281414513789337
      }
    },
    "naive6": {
      "accuracy": {
        "mean": 0.5357,
        "std": 0.01211858077499178
      },
      "auc": {
        "mean": 0.8947773317962284,
        "std": 0.0036716869343876198
      },
      "f1": {
        "mean": 0.5302321330113097,
        "std": 0.01175390424029459
      }
    },
    "naive7": {
      "accuracy": {
        "mean": 0.5428,
        "std": 0.014165450928226728
      },
      "auc": {
        "mean": 0.8967603673960503,
        "std": 0.0039107221724916244
      },
      "f1": {
        "mean": 0.5430281041561622,
        "std": 0.0134324824085153
      }
    },
    "naive8": {
      "accuracy": {
        "mean": 0.5534000000000001,
        "std": 0.009645724441430012
      },
      "auc": {
        "mean": 0.8972437259859968,
        "std": 0.0036652585419158262
      },
      "f1": {
        "mean": 0.5508312550464692,
        "std": 0.008644520902382841
      }
    }
  },
  "ensemble_baselines": {
    "ensemble1": {
      "accuracy": {
        "mean": 0.5182,
        "std": 0.010220567498920979
      },
      "auc": {
        "mean": 0.896650752217805,