{
  "base_model": {
    "accuracy": {
      "mean": 0.3016,
      "std": 0.004913247398615303
    },
    "auc": {
      "mean": 0.7345629106372382,
      "std": 0.0030535186349236326
    },
    "f1": {
      "mean": 0.2745983466252059,
      "std": 0.0033535550056445046
    }
  },
  "external_models": {
    "external1": {
      "accuracy": {
        "mean": 0.2726,
        "std": 0.005453439281774378
      },
      "auc": {
        "mean": 0.7347121087632328,
        "std": 0.004585005409505637
      },
      "f1": {
        "mean": 0.22507531462515473,
        "std": 0.006333158844468644
      }
    },
    "external2": {
      "accuracy": {
        "mean": 0.2851,
        "std": 0.0059110066824526455
      },
      "auc": {
        "mean": 0.7454625307092891,
        "std": 0.0024626035688465274
      },
      "f1": {
        "mean": 0.244965729787471,
        "std": 0.00615241586007559
      }
    },
    "external3": {
      "accuracy": {
        "mean": 0.30100000000000005,
        "std": 0.004301162633521317
      },
      "auc": {
        "mean": 0.7526736020922851,
        "std": 0.0025670995288965093
      },
      "f1": {
        "mean": 0.27363354308878424,
        "std": 0.003469415724170728
      }
    },
    "external4": {
      "accuracy": {
        "mean": 0.22410000000000002,
        "std": 0.00400499687890016
      },
      "auc": {
        "mean": 0.7089286086811941,
        "std": 0.002812500701129396
      },
      "f1": {
        "mean": 0.15921691360908652,
        "std": 0.006727300835614605
      }
    },
    "external5": {
      "accuracy": {
        "mean": 0.29209999999999997,
        "std": 0.006272160712226694
      },
      "auc": {
        "mean": 0.7469266016710894,
        "std": 0.0045743891273512865
      },
      "f1": {
        "mean": 0.24937814290696753,
        "std": 0.005921869110792257
      }
    },
    "external6": {
      "accuracy": {
        "mean": 0.2551,
        "std": 0.00876013698523032
      },
      "auc": {
        "mean": 0.7247061803105096,
        "std": 0.005874138797855606
      },
      "f1": {
        "mean": 0.19917627459145176,
        "std": 0.011979435545759632
      }
    },
    "external7": {
      "accuracy": {
        "mean": 0.2959,
        "std": 0.006437390775772439
      },
      "auc": {
        "mean": 0.7341512886947742,
        "std": 0.004431063938622822
      },
      "f1": {
        "mean": 0.2763646490075824,
        "std": 0.008196209521452355
      }
    },
    "external8": {
      "accuracy": {
        "mean": 0.30510000000000004,
        "std": 0.009216289925995175
      },
      "auc": {
        "mean": 0.7537820298454074,
        "std": 0.004197939152092277
      },
      "f1": {
        "mean": 0.2649609574828945,
        "std": 0.009280977878713976
      }
    }
  },
  "enhanced_models": {
    "enhanced1": {
      "accuracy": {
        "mean": 0.2827,
        "std": 0.005065570056765558
      },
      "auc": {
        "mean": 0.737632352098391,
        "std": 0.0037525350103992505
      },
      "f1": {
        "mean": 0.24484173429116463,
        "std": 0.004623076296455027
      }
    },
    "enhanced2": {
      "accuracy": {
        "mean": 0.2976,
        "std": 0.0047476309881876915
      },
      "auc": {
        "mean": 0.7582718120584826,
        "std": 0.003452159938836561
      },
      "f1": {
        "mean": 0.26111171711330955,
        "std": 0.0040009363509468775
      }
    },
    "enhanced3": {
      "accuracy": {
        "mean": 0.3282,
        "std": 0.007242927584892734
      },
      "auc": {
        "mean": 0.7781251849970378,
        "std": 0.002215225999385678
      },
      "f1": {
        "mean": 0.3121621741568073,
        "std": 0.006853134643062671
      }
    },
    "enhanced4": {
      "accuracy": {
        "mean": 0.32880000000000004,
        "std": 0.004261455150532507
      },
      "auc": {
        "mean": 0.7788558673671546,
        "std": 0.0019969990845888786
      },
      "f1": {
        "mean": 0.3113111624653225,
        "std": 0.005092289676149519
      }
    },
    "enhanced5": {
      "accuracy": {
        "mean": 0.3337,
        "std": 0.006054750201288247
      },
      "auc": {
        "mean": 0.7828225911236839,
        "std": 0.00197706320273851
      },
      "f1": {
        "mean": 0.3173307379055951,
        "std": 0.006511489290140333
      }
    },
    "enhanced6": {
      "accuracy": {
        "mean": 0.3358,
        "std": 0.005853204250664745
      },
      "auc": {
        "mean": 0.7863474115397308,
        "std": 0.0017731070513002836
      },
      "f1": {
        "mean": 0.3149339557930932,
        "std": 0.004616597650272263
      }
    },
    "enhanced7": {
      "accuracy": {
        "mean": 0.3383,
        "std": 0.006368673331236249
      },
      "auc": {
        "mean": 0.7886674368308251,
        "std": 0.0019820023599320547
      },
      "f1": {
        "mean": 0.32896195483540036,
        "std": 0.0064365469679904625
      }
    },
    "enhanced8": {
      "accuracy": {
        "mean": 0.34090000000000004,
        "std": 0.0064992307237087595
      },
      "auc": {
        "mean": 0.7948542898135591,
        "std": 0.0018154757472010632
      },
      "f1": {
        "mean": 0.32355206199020137,
        "std": 0.006440003018121861
      }
    }
  },
  "naive_models": {
    "naive1": {
      "accuracy": {
        "mean": 0.1971,
        "std": 0.004673328578219173
      },
      "auc": {
        "mean": 0.6725302621425244,
        "std": 0.0043880355310259985
      },
      "f1": {
        "mean": 0.11574377926836679,
        "std": 0.006208644592704144
      }
    },
    "naive2": {
      "accuracy": {
        "mean": 0.21080000000000002,
        "std": 0.00954777460982401
      },
      "auc": {
        "mean": 0.6726706985095285,
        "std": 0.0056014776765439785
      },
      "f1": {
        "mean": 0.12515696967125634,
        "std": 0.009259808442271788
      }
    },
    "naive3": {
      "accuracy": {
        "mean": 0.19039999999999999,
        "std": 0.009784681905918045
      },
      "auc": {
        "mean": 0.6917843282738061,
        "std": 0.00508329758459625
      },
      "f1": {
        "mean": 0.09732229368604159,
        "std": 0.006156687770149584
      }
    },
    "naive4": {
      "accuracy": {
        "mean": 0.18380000000000002,
        "std": 0.011320777358467926
      },
      "auc": {
        "mean": 0.6776989617080991,
        "std": 0.004037983277799415
      },
      "f1": {
        "mean": 0.09360552531193253,
        "std": 0.009176317735010582
      }
    },
    "naive5": {
      "accuracy": {
        "mean": 0.21270000000000003,
        "std": 0.00879545337091841
      },
      "auc": {
        "mean": 0.6888948787542917,
        "std": 0.004377593522348305
      },
      "f1": {
        "mean": 0.14133462632873636,
        "std": 0.006998044246106086
      }
    },
    "naive6": {
      "accuracy": {
        "mean": 0.1971,
        "std": 0.010513800454640553
      },
      "auc": {
        "mean": 0.6857422419960874,
        "std": 0.00590147888027508
      },
      "f1": {
        "mean": 0.11688287602737661,
        "std": 0.008147518755059728
      }
    },
    "naive7": {
      "accuracy": {
        "mean": 0.2283,
        "std": 0.009957911427603678
      },
      "auc": {
        "mean": 0.7015270105931428,
        "std": 0.005198304610209952
      },
      "f1": {
        "mean": 0.16600474265339227,
        "std": 0.007402485297132413
      }
    },
    "naive8": {
      "accuracy": {
        "mean": 0.2253,
        "std": 0.010107423014794621
      },
      "auc": {
        "mean": 0.7029657155811645,
        "std": 0.004881730425905478
      },
      "f1": {
        "mean": 0.15856056710276709,
        "std": 0.008083066722497829
      }
    }
  }
}