{
  "base_model": {
    "accuracy": {
      "mean": 0.4859,
      "std": 0.007572318007057027
    },
    "auc": {
      "mean": 0.8789718346977846,
      "std": 0.004221422520542906
    },
    "f1": {
      "mean": 0.48153687180720317,
      "std": 0.007478178423085317
    }
  },
  "external_models": {
    "external1": {
      "accuracy": {
        "mean": 0.26870000000000005,
        "std": 0.004707440918375932
      },
      "auc": {
        "mean": 0.8068896217931352,
        "std": 0.0037843318778394124
      },
      "f1": {
        "mean": 0.20407892131792474,
        "std": 0.0016415805418280756
      }
    },
    "external2": {
      "accuracy": {
        "mean": 0.265,
        "std": 0.009591663046625447
      },
      "auc": {
        "mean": 0.8092368798049737,
        "std": 0.001864160773346549
      },
      "f1": {
        "mean": 0.1944567558448369,
        "std": 0.007823758964161697
      }
    },
    "external3": {
      "accuracy": {
        "mean": 0.23879999999999998,
        "std": 0.006867313885355759
      },
      "auc": {
        "mean": 0.8109838150662203,
        "std": 0.0019614501134356094
      },
      "f1": {
        "mean": 0.20652888578231546,
        "std": 0.008343176308985767
      }
    },
    "external4": {
      "accuracy": {
        "mean": 0.2842,
        "std": 0.010067770358922565
      },
      "auc": {
        "mean": 0.8130710889462947,
        "std": 0.0018605743512461667
      },
      "f1": {
        "mean": 0.22608138430751867,
        "std": 0.010004486303282375
      }
    },
    "external5": {
      "accuracy": {
        "mean": 0.2499,
        "std": 0.005571355310873652
      },
      "auc": {
        "mean": 0.8115969007332542,
        "std": 0.0027081541379543376
      },
      "f1": {
        "mean": 0.21388347502046945,
        "std": 0.005245506099015086
      }
    },
    "external6": {
      "accuracy": {
        "mean": 0.2887,
        "std": 0.010283968105745948
      },
      "auc": {
        "mean": 0.8178117630356487,
        "std": 0.0017658012662109038
      },
      "f1": {
        "mean": 0.2456752302965503,
        "std": 0.010250810169603325
      }
    },
    "external7": {
      "accuracy": {
        "mean": 0.3171,
        "std": 0.006711184694225013
      },
      "auc": {
        "mean": 0.8133630150698397,
        "std": 0.0018338781109684288
      },
      "f1": {
        "mean": 0.2777300655206634,
        "std": 0.007295728109706619
      }
    },
    "external8": {
      "accuracy": {
        "mean": 0.2428,
        "std": 0.004354308211415452
      },
      "auc": {
        "mean": 0.8115061734820184,
        "std": 0.0019141602543152974
      },
      "f1": {
        "mean": 0.21760748837116664,
        "std": 0.005723198141891064
      }
    }
  },
  "enhanced_models": {
    "enhanced1": {
      "accuracy": {
        "mean": 0.4902,
        "std": 0.0072567210226107005
      },
      "auc": {
        "mean": 0.8847015466025155,
        "std": 0.002904125605633206
      },
      "f1": {
        "mean": 0.48379991258019367,
        "std": 0.005256752990814917
      }
    },
    "enhanced2": {
      "accuracy": {
        "mean": 0.49349999999999994,
        "std": 0.008215838362577487
      },
      "auc": {
        "mean": 0.8846348418760934,
        "std": 0.002241461315537632
      },
      "f1": {
        "mean": 0.4902554786716132,
        "std": 0.00690410392831297
      }
    },
    "enhanced3": {
      "accuracy": {
        "mean": 0.5038,
        "std": 0.007580237463298892
      },
      "auc": {
        "mean": 0.8869659597102089,
        "std": 0.0023638403141894846
      },
      "f1": {
        "mean": 0.4976402916801589,
        "std": 0.007179779753096188
      }
    },
    "enhanced4": {
      "accuracy": {
        "mean": 0.5121,
        "std": 0.00915641851380769
      },
      "auc": {
        "mean": 0.8903362542579046,
        "std": 0.002980903038556187
      },
      "f1": {
        "mean": 0.5087551443485571,
        "std": 0.00884618044731846
      }
    },
    "enhanced5": {
      "accuracy": {
        "mean": 0.5123,
        "std": 0.006431174076325416
      },
      "auc": {
        "mean": 0.8902307609401138,
        "std": 0.0032418158190525175
      },
      "f1": {
        "mean": 0.5064617550371266,
        "std": 0.005273267214342761
      }
    },
    "enhanced6": {
      "accuracy": {
        "mean": 0.5074,
        "std": 0.009478396488858227
      },
      "auc": {
        "mean": 0.8921455127468324,
        "std": 0.0026998767872687657
      },
      "f1": {
        "mean": 0.5018787695730642,
        "std": 0.008074312272098073
      }
    },
    "enhanced7": {
      "accuracy": {
        "mean": 0.5168999999999999,
        "std": 0.009430800602281877
      },
      "auc": {
        "mean": 0.8939216956639416,
        "std": 0.002423965031390372
      },
      "f1": {
        "mean": 0.5066667573133046,
        "std": 0.008465952927306584
      }
    },
    "enhanced8": {
      "accuracy": {
        "mean": 0.5298,
        "std": 0.009276852914647278
      },
      "auc": {
        "mean": 0.8969296679862321,
        "std": 0.003393372928009606
      },
      "f1": {
        "mean": 0.5266990843711836,
        "std": 0.008370851223681383
      }
    }
  },
  "naive_models": {
    "naive1": {
      "accuracy": {
        "mean": 0.43289999999999995,
        "std": 0.006429618962271409
      },
      "auc": {
        "mean": 0.8661658202341339,
        "std": 0.0020688267466332016
      },
      "f1": {
        "mean": 0.4200368441457605,
        "std": 0.007165513553138271
      }
    },
    "naive2": {
      "accuracy": {
        "mean": 0.4737,
        "std": 0.007749838707999016
      },
      "auc": {
        "mean": 0.8764857354631144,
        "std": 0.00244501088778349
      },
      "f1": {
        "mean": 0.46367394482892665,
        "std": 0.006056261938222705
      }
    },
    "naive3": {
      "accuracy": {
        "mean": 0.46040000000000003,
        "std": 0.009630160954002785
      },
      "auc": {
        "mean": 0.8746306293359112,
        "std": 0.0032683898244263163
      },
      "f1": {
        "mean": 0.4500988729293658,
        "std": 0.00756530330609979
      }
    },
    "naive4": {
      "accuracy": {
        "mean": 0.4896,
        "std": 0.012063996021219514
      },
      "auc": {
        "mean": 0.8825605898485381,
        "std": 0.0031558530039364776
      },
      "f1": {
        "mean": 0.4851837149865606,
        "std": 0.011608400873266084
      }
    },
    "naive5": {
      "accuracy": {
        "mean": 0.4753,
        "std": 0.014732956254601436
      },
      "auc": {
        "mean": 0.8788803073924962,
        "std": 0.003528064169263143
      },
      "f1": {
        "mean": 0.4650298821204619,
        "std": 0.014140065339091804
      }
    },
    "naive6": {
      "accuracy": {
        "mean": 0.4718,
        "std": 0.0071526218968990555
      },
      "auc": {
        "mean": 0.8762900512482107,
        "std": 0.0026044258314948717
      },
      "f1": {
        "mean": 0.4532187172721448,
        "std": 0.006069985852965516
      }
    },
    "naive7": {
      "accuracy": {
        "mean": 0.4662,
        "std": 0.005436910887627265
      },
      "auc": {
        "mean": 0.8782390211256434,
        "std": 0.002239826447093114
      },
      "f1": {
        "mean": 0.46250745829166606,
        "std": 0.005102582291350106
      }
    },
    "naive8": {
      "accuracy": {
        "mean": 0.45620000000000005,
        "std": 0.008280096617793787
      },
      "auc": {
        "mean": 0.8763310021268437,
        "std": 0.0020269225865119467
      },
      "f1": {
        "mean": 0.41787345609289117,
        "std": 0.008194938458067224
      }
    }
  }
}