{
  "base_model": {
    "accuracy": {
      "mean": 0.493,
      "std": 0.009612491872558323
    },
    "auc": {
      "mean": 0.8802782519638288,
      "std": 0.004582124114204527
    },
    "f1": {
      "mean": 0.487050552236597,
      "std": 0.009118798449767821
    }
  },
  "external_models": {
    "external1": {
      "accuracy": {
        "mean": 0.2705,
        "std": 0.005856620185738534
      },
      "auc": {
        "mean": 0.8044860605219532,
        "std": 0.004050786574915846
      },
      "f1": {
        "mean": 0.21112773962728087,
        "std": 0.005135979530051056
      }
    },
    "external2": {
      "accuracy": {
        "mean": 0.2644,
        "std": 0.010636728820459804
      },
      "auc": {
        "mean": 0.8100449891123566,
        "std": 0.0017081800022229123
      },
      "f1": {
        "mean": 0.1942342026279812,
        "std": 0.007433724310961279
      }
    },
    "external3": {
      "accuracy": {
        "mean": 0.23810000000000003,
        "std": 0.007088018058667738
      },
      "auc": {
        "mean": 0.8106107591298853,
        "std": 0.002096744820457304
      },
      "f1": {
        "mean": 0.20648464484206652,
        "std": 0.007243810941025652
      }
    },
    "external4": {
      "accuracy": {
        "mean": 0.2912,
        "std": 0.01052900755057189
      },
      "auc": {
        "mean": 0.8125707144313934,
        "std": 0.0016596687459838441
      },
      "f1": {
        "mean": 0.2311007508701203,
        "std": 0.010032595562741784
      }
    },
    "external5": {
      "accuracy": {
        "mean": 0.2532,
        "std": 0.005114684741017773
      },
      "auc": {
        "mean": 0.8119955196863622,
        "std": 0.002744777024000568
      },
      "f1": {
        "mean": 0.2121175074100834,
        "std": 0.005244576152643739
      }
    },
    "external6": {
      "accuracy": {
        "mean": 0.2854,
        "std": 0.007793587107359469
      },
      "auc": {
        "mean": 0.8171706509671814,
        "std": 0.0018334828195774382
      },
      "f1": {
        "mean": 0.2415133799652271,
        "std": 0.008367312851070396
      }
    },
    "external7": {
      "accuracy": {
        "mean": 0.3255,
        "std": 0.004722287581247042
      },
      "auc": {
        "mean": 0.8141455482781979,
        "std": 0.0018869766460578585
      },
      "f1": {
        "mean": 0.2827068599342427,
        "std": 0.005470839799651011
      }
    },
    "external8": {
      "accuracy": {
        "mean": 0.24509999999999996,
        "std": 0.005651548460377922
      },
      "auc": {
        "mean": 0.8110431636691802,
        "std": 0.0019189893597733637
      },
      "f1": {
        "mean": 0.22020659190006114,
        "std": 0.005965037320410497
      }
    }
  },
  "enhanced_models": {
    "enhanced1": {
      "accuracy": {
        "mean": 0.4885,
        "std": 0.006774953874381736
      },
      "auc": {
        "mean": 0.884170865236913,
        "std": 0.0027810831273212397
      },
      "f1": {
        "mean": 0.48212985198511726,
        "std": 0.004837582682880529
      }
    },
    "enhanced2": {
      "accuracy": {
        "mean": 0.4925,
        "std": 0.004254409477236533
      },
      "auc": {
        "mean": 0.8844606764177405,
        "std": 0.0022327861274604966
      },
      "f1": {
        "mean": 0.4896196471032549,
        "std": 0.003169805567126419
      }
    },
    "enhanced3": {
      "accuracy": {
        "mean": 0.5060999999999999,
        "std": 0.004554119014694262
      },
      "auc": {
        "mean": 0.8883847984957726,
        "std": 0.002814343308750434
      },
      "f1": {
        "mean": 0.5029953352215016,
        "std": 0.0035108609081958373
      }
    },
    "enhanced4": {
      "accuracy": {
        "mean": 0.5099,
        "std": 0.006770524351924314
      },
      "auc": {
        "mean": 0.8901788804669591,
        "std": 0.002643672305508037
      },
      "f1": {
        "mean": 0.5073552339850732,
        "std": 0.005359779782990682
      }
    },
    "enhanced5": {
      "accuracy": {
        "mean": 0.5185000000000001,
        "std": 0.0075630681604756216
      },
      "auc": {
        "mean": 0.8912981035332029,
        "std": 0.0028982104501709986
      },
      "f1": {
        "mean": 0.5181111187987513,
        "std": 0.006810345247258798
      }
    },
    "enhanced6": {
      "accuracy": {
        "mean": 0.5083,
        "std": 0.008529947244854457
      },
      "auc": {
        "mean": 0.8918318344758986,
        "std": 0.0025619595460976653
      },
      "f1": {
        "mean": 0.502221828875443,
        "std": 0.007423216339133934
      }
    },
    "enhanced7": {
      "accuracy": {
        "mean": 0.5203,
        "std": 0.007645913941446142
      },
      "auc": {
        "mean": 0.8937516359063503,
        "std": 0.0028076856261639036
      },
      "f1": {
        "mean": 0.5165807955171919,
        "std": 0.006386956626325956
      }
    },
    "enhanced8": {
      "accuracy": {
        "mean": 0.525,
        "std": 0.004878524367060183
      },
      "auc": {
        "mean": 0.896153550259182,
        "std": 0.003275101411677005
      },
      "f1": {
        "mean": 0.5242330252092585,
        "std": 0.004689421417919609
      }
    }
  },
  "naive_models": {
    "naive1": {
      "accuracy": {
        "mean": 0.4436,
        "std": 0.01150825790465265
      },
      "auc": {
        "mean": 0.8582220032504011,
        "std": 0.0015039145509820728
      },
      "f1": {
        "mean": 0.43248612620131477,
        "std": 0.010994606177832305
      }
    },
    "naive2": {
      "accuracy": {
        "mean": 0.46720000000000006,
        "std": 0.008599999999999983
      },
      "auc": {
        "mean": 0.8701260305947033,
        "std": 0.0008708384112202411
      },
      "f1": {
        "mean": 0.46066459612407823,
        "std": 0.008101277195624262
      }
    },
    "naive3": {
      "accuracy": {
        "mean": 0.4636,
        "std": 0.006643794096749225
      },
      "auc": {
        "mean": 0.8705412463444597,
        "std": 0.0017615019580397098
      },
      "f1": {
        "mean": 0.4557392239446408,
        "std": 0.006342415783119771
      }
    },
    "naive4": {
      "accuracy": {
        "mean": 0.4793,
        "std": 0.0063999999999999856
      },
      "auc": {
        "mean": 0.8759906282263927,
        "std": 0.0019759849070086744
      },
      "f1": {
        "mean": 0.47865441086943994,
        "std": 0.005739792671687345
      }
    },
    "naive5": {
      "accuracy": {
        "mean": 0.49169999999999997,
        "std": 0.0038548670534792797
      },
      "auc": {
        "mean": 0.8780856824095957,
        "std": 0.0020736036898961847
      },
      "f1": {
        "mean": 0.49294398488625035,
        "std": 0.002764058891968395
      }
    },
    "naive6": {
      "accuracy": {
        "mean": 0.47030000000000005,
        "std": 0.004884669896727906
      },
      "auc": {
        "mean": 0.8748185885281522,
        "std": 0.001725802094287077
      },
      "f1": {
        "mean": 0.4686512262661845,
        "std": 0.004433234984159692
      }
    },
    "naive7": {
      "accuracy": {
        "mean": 0.484,
        "std": 0.006099180272790768
      },
      "auc": {
        "mean": 0.8797872154463331,
        "std": 0.0012895590170078407
      },
      "f1": {
        "mean": 0.48330656436636604,
        "std": 0.004975545339243725
      }
    },
    "naive8": {
      "accuracy": {
        "mean": 0.48179999999999995,
        "std": 0.0044564559910314425
      },
      "auc": {
        "mean": 0.8772934678418152,
        "std": 0.0022380349485732706
      },
      "f1": {
        "mean": 0.47436204656179715,
        "std": 0.005807948351439483
      }
    }
  },
  "ensemble_baselines": {
    "ensemble1": {
      "accuracy": {
        "mean": 0.5041,
        "std": 0.008575546629807342
      },
      "auc": {
        "mean": 0.8902995611852338,