{
  "ResNet10-Baseline": {
    "acc_mean": 18.880429914912675,
    "acc_std": 1.370851280545251,
    "auc_mean": 71.701171904266,
    "auc_std": 1.1661747346712716,
    "f1_mean": 18.275323552308162,
    "f1_std": 1.1885179717534666,
    "minc_mean": 0.0,
    "minc_std": 0.0
  },
  "ResNet18-LP": {
    "acc_mean": 18.343036274070755,
    "acc_std": 0.8649459672553784,
    "auc_mean": 72.9011885699542,
    "auc_std": 0.6490307992692528,
    "f1_mean": 17.27417128866593,
    "f1_std": 0.8658417990758205,
    "minc_mean": 0.0,
    "minc_std": 0.0
  },
  "ResNet10-Refine": {
    "acc_mean": 20.34034930586655,
    "acc_std": 0.4768054332003989,
    "auc_mean": 73.37898130720149,
    "auc_std": 0.4291020885504893,
    "f1_mean": 19.67531238374631,
    "f1_std": 0.593285343089447,
    "minc_mean": 0.5263157894736842,
    "minc_std": 1.0526315789473684
  },
  "ResNet10-Adapter": {
    "acc_mean": 18.235557545902374,
    "acc_std": 0.5807278128955599,
    "auc_mean": 73.69104145526593,
    "auc_std": 0.586033063896281,
    "f1_mean": 15.492722839996725,
    "f1_std": 0.4024117498939753,
    "minc_mean": 0.0,
    "minc_std": 0.0
  }
}