{
  "baseline": {
    "acc_mean": 56.10799999999999,
    "acc_std": 0.44282728009913896,
    "auc_mean": 0.9052406611111111,
    "auc_std": 0.0023132519167015308,
    "f1_mean": 0.5612232464481292,
    "f1_std": 0.004721456152611531,
    "min_cacc_mean": 32.84,
    "min_cacc_std": 2.9117692216245445
  },
  "linear_prob": {
    "acc_mean": 52.198,
    "acc_std": 1.1931873281258056,
    "auc_mean": 0.8862862499999998,
    "auc_std": 0.0076960987984702346,
    "f1_mean": 0.5134225911961342,
    "f1_std": 0.020542403306353825,
    "min_cacc_mean": 26.379999999999995,
    "min_cacc_std": 9.60986992627892
  },
  "enhanced_concat": {
    "acc_mean": 56.602,
    "acc_std": 0.5082282951587805,
    "auc_mean": 0.9096843044444445,
    "auc_std": 0.0016062792688072527,
    "f1_mean": 0.5621352685231288,
    "f1_std": 0.006741548477118092,
    "min_cacc_mean": 30.76,
    "min_cacc_std": 5.850333323837199
  },
  "baseline_adapter": {
    "acc_mean": 53.327999999999996,
    "acc_std": 0.22175662335091595,
    "auc_mean": 0.8994356522222221,
    "auc_std": 0.00105921196911361,
    "f1_mean": 0.5307351924838369,
    "f1_std": 0.0022575180243553884,
    "min_cacc_mean": 32.519999999999996,
    "min_cacc_std": 2.164624678783831
  },
  "distillation": {
    "acc_mean": 53.709999999999994,
    "acc_std": 0.25479403446705834,
    "auc_mean": 0.9036235300000002,
    "auc_std": 0.0011605649167517784,
    "f1_mean": 0.5384382974544091,
    "f1_std": 0.002157643482316553,
    "min_cacc_mean": 38.239999999999995,
    "min_cacc_std": 2.873743203558731
  }
}