{
  "baseline": {
    "acc_mean": 44.374,
    "acc_std": 0.7350809479234253,
    "auc_mean": 0.8627687588888889,
    "auc_std": 0.0034471679394841993,
    "f1_mean": 0.43748557661455967,
    "f1_std": 0.005542421298916043,
    "min_cacc_mean": 20.8,
    "min_cacc_std": 4.862509640093272
  },
  "linear_prob": {
    "acc_mean": 46.044,
    "acc_std": 0.7067276703228746,
    "auc_mean": 0.8642823999999999,
    "auc_std": 0.001495320633600538,
    "f1_mean": 0.4543881804333013,
    "f1_std": 0.008009064370929233,
    "min_cacc_mean": 23.46,
    "min_cacc_std": 4.737341026356452
  },
  "enhanced_concat": {
    "acc_mean": 44.852,
    "acc_std": 0.37901978840160966,
    "auc_mean": 0.8523500066666667,
    "auc_std": 0.0010916332454901248,
    "f1_mean": 0.4473613561627351,
    "f1_std": 0.003456916172778631,
    "min_cacc_mean": 29.68,
    "min_cacc_std": 1.779213309302738
  },
  "baseline_adapter": {
    "acc_mean": 44.866,
    "acc_std": 0.5532305125352355,
    "auc_mean": 0.8513569222222224,
    "auc_std": 0.002936687271319668,
    "f1_mean": 0.4444484507965085,
    "f1_std": 0.005880095786039583,
    "min_cacc_mean": 26.74,
    "min_cacc_std": 1.8863721796082558
  }
}