{
  "baseline": {
    "acc_mean": 56.80400000000001,
    "acc_std": 1.375639487656559,
    "auc_mean": 0.9010825944444445,
    "auc_std": 0.004680054112927191,
    "f1_mean": 0.565451112320629,
    "f1_std": 0.012191548675580666,
    "min_cacc_mean": 33.720000000000006,
    "min_cacc_std": 5.098391903335797
  },
  "linear_prob": {
    "acc_mean": 38.507999999999996,
    "acc_std": 0.5159224747963598,
    "auc_mean": 0.8288790066666666,
    "auc_std": 0.0015585057937224616,
    "f1_mean": 0.3775114557570931,
    "f1_std": 0.0033192126432561135,
    "min_cacc_mean": 15.24,
    "min_cacc_std": 2.878610776051532
  },
  "enhanced_concat": {
    "acc_mean": 54.378,
    "acc_std": 0.8362152832853513,
    "auc_mean": 0.8949810066666666,
    "auc_std": 0.0021457055265395445,
    "f1_mean": 0.5397510250047838,
    "f1_std": 0.009524262151720022,
    "min_cacc_mean": 33.08,
    "min_cacc_std": 2.568579373895227
  },
  "baseline_adapter": {
    "acc_mean": 36.58,
    "acc_std": 0.3897178466531904,
    "auc_mean": 0.810233461111111,
    "auc_std": 0.003490637899670681,
    "f1_mean": 0.36033413686310334,
    "f1_std": 0.002197997705762467,
    "min_cacc_mean": 15.84,
    "min_cacc_std": 4.739873416031276
  }
}