{
  "baseline": {
    "acc_mean": 56.156000000000006,
    "acc_std": 0.5750339120434549,
    "auc_mean": 0.9047650833333332,
    "auc_std": 0.0020857554398885617,
    "f1_mean": 0.5606254618539133,
    "f1_std": 0.0035628850580623397,
    "min_cacc_mean": 35.62,
    "min_cacc_std": 3.486775014250274
  },
  "linear_prob": {
    "acc_mean": 19.73,
    "acc_std": 0.9460443964212251,
    "auc_mean": 0.690624121111111,
    "auc_std": 0.0010709193219454263,
    "f1_mean": 0.11963543686189615,
    "f1_std": 0.016296409778328018,
    "min_cacc_mean": 0.0,
    "min_cacc_std": 0.0
  },
  "enhanced_concat": {
    "acc_mean": 56.866,
    "acc_std": 0.6588960464291774,
    "auc_mean": 0.9071511911111111,
    "auc_std": 0.0023689704422552443,
    "f1_mean": 0.568115167943732,
    "f1_std": 0.008399460948536903,
    "min_cacc_mean": 38.06,
    "min_cacc_std": 4.725082009870305
  },
  "baseline_adapter": {
    "acc_mean": 18.246000000000002,
    "acc_std": 0.3500057142390681,
    "auc_mean": 0.6910592522222222,
    "auc_std": 0.001489170483116457,
    "f1_mean": 0.10869313935655094,
    "f1_std": 0.017591129143435368,
    "min_cacc_mean": 0.0,
    "min_cacc_std": 0.0
  },
  "distillation": {
    "acc_mean": 52.5,
    "acc_std": 0.7615773105863909,
    "auc_mean": 0.8952625888888889,
    "auc_std": 0.0025350562741726867,
    "f1_mean": 0.5149486779589422,
    "f1_std": 0.011864540103410877,
    "min_cacc_mean": 23.7,
    "min_cacc_std": 6.210958058142077
  }
}