{
  "baseline": {
    "acc_mean": 44.384,
    "acc_std": 1.3688330796704173,
    "auc_mean": 0.8659511644444444,
    "auc_std": 0.003996543231199576,
    "f1_mean": 0.4312701198183978,
    "f1_std": 0.01855779478247845,
    "min_cacc_mean": 20.72,
    "min_cacc_std": 5.69469928969037
  },
  "linear_prob": {
    "acc_mean": 53.676,
    "acc_std": 0.13558761005342826,
    "auc_mean": 0.9008715655555555,
    "auc_std": 0.0002612678467977626,
    "f1_mean": 0.533190982556128,
    "f1_std": 0.0010336940920186006,
    "min_cacc_mean": 33.94,
    "min_cacc_std": 1.7453939383417145
  },
  "enhanced_concat": {
    "acc_mean": 54.198,
    "acc_std": 0.19671298889498848,
    "auc_mean": 0.900894477777778,
    "auc_std": 0.0009128413547886926,
    "f1_mean": 0.5384052526896187,
    "f1_std": 0.0029286510230889682,
    "min_cacc_mean": 33.6,
    "min_cacc_std": 1.6552945357246844
  },
  "baseline_adapter": {
    "acc_mean": 53.634,
    "acc_std": 0.22481992794234196,
    "auc_mean": 0.8999317766666668,
    "auc_std": 0.0007969415917256482,
    "f1_mean": 0.5328175921858651,
    "f1_std": 0.0028741831628854744,
    "min_cacc_mean": 32.019999999999996,
    "min_cacc_std": 3.398470244095128
  },
  "distillation": {
    "acc_mean": 45.434000000000005,
    "acc_std": 0.7968337342256533,
    "auc_mean": 0.8698296011111111,
    "auc_std": 0.0021014385024337202,
    "f1_mean": 0.44371075160103074,
    "f1_std": 0.005625841443567592,
    "min_cacc_mean": 21.54,
    "min_cacc_std": 2.636361128525453
  }
}