{
  "baseline": {
    "acc_mean": 44.92999999999999,
    "acc_std": 1.111665417290653,
    "auc_mean": 0.8656408344444445,
    "auc_std": 0.0037094608180231877,
    "f1_mean": 0.4402381669712797,
    "f1_std": 0.014932029947730303,
    "min_cacc_mean": 19.939999999999998,
    "min_cacc_std": 6.479691350674043
  },
  "linear_prob": {
    "acc_mean": 59.45799999999999,
    "acc_std": 0.1748599439551556,
    "auc_mean": 0.9194846077777779,
    "auc_std": 0.0010520877402364099,
    "f1_mean": 0.5923732944801324,
    "f1_std": 0.0008892867591066253,
    "min_cacc_mean": 39.88000000000001,
    "min_cacc_std": 1.6773789077009411
  },
  "enhanced_concat": {
    "acc_mean": 58.306,
    "acc_std": 0.3959090804717679,
    "auc_mean": 0.9141945899999999,
    "auc_std": 0.0007661019472128881,
    "f1_mean": 0.5823050450841933,
    "f1_std": 0.00354322022082985,
    "min_cacc_mean": 40.260000000000005,
    "min_cacc_std": 2.5460557731518754
  },
  "baseline_adapter": {
    "acc_mean": 58.462,
    "acc_std": 0.43563287295611625,
    "auc_mean": 0.9140266644444445,
    "auc_std": 0.0010071497961127056,
    "f1_mean": 0.5799309984442635,
    "f1_std": 0.005535812162561855,
    "min_cacc_mean": 36.879999999999995,
    "min_cacc_std": 4.423301934075945
  },
  "distillation": {
    "acc_mean": 47.048,
    "acc_std": 1.124391390931112,
    "auc_mean": 0.8768831088888888,
    "auc_std": 0.0039267000900398445,
    "f1_mean": 0.4721394955869562,
    "f1_std": 0.011201369254272018,
    "min_cacc_mean": 25.620000000000005,
    "min_cacc_std": 3.845724899157505
  }
}