{
  "enhanced0": {
    "accuracy_mean": 0.49610000000000004,
    "accuracy_std": 0.007445804187594521,
    "inference_time_mean": 0.0007275044918060303,
    "inference_time_std": 2.7771681934636075e-05,
    "auc_mean": 0.8751683054036958,
    "auc_std": 0.00231582101019586,
    "f1_mean": 0.48989526371812236,
    "f1_std": 0.006000084013428012
  },
  "enhanced1": {
    "accuracy_mean": 0.49829999999999997,
    "accuracy_std": 0.010585839598255771,
    "inference_time_mean": 0.006693542003631592,
    "inference_time_std": 0.000744371445242417,
    "auc_mean": 0.862251789154544,
    "auc_std": 0.004490711478697002,
    "f1_mean": 0.4928993934204973,
    "f1_std": 0.01189147863322795
  },
  "enhanced2": {
    "accuracy_mean": 0.5235000000000001,
    "accuracy_std": 0.006730527468185539,
    "inference_time_mean": 0.00843997448682785,
    "inference_time_std": 0.00011041968328964985,
    "auc_mean": 0.8850247966980425,
    "auc_std": 0.0035852346265319774,
    "f1_mean": 0.5231377948046274,
    "f1_std": 0.00715974459445147
  },
  "enhanced3": {
    "accuracy_mean": 0.5407,
    "accuracy_std": 0.011325193155085731,
    "inference_time_mean": 0.010448873043060303,
    "inference_time_std": 5.884953455255255e-05,
    "auc_mean": 0.8973191096626003,
    "auc_std": 0.0024902747343941594,
    "f1_mean": 0.5401048576398683,
    "f1_std": 0.010945693347149045
  },
  "enhanced4": {
    "accuracy_mean": 0.5555,
    "accuracy_std": 0.01403210604292882,
    "inference_time_mean": 0.012510858476161957,
    "inference_time_std": 5.3339214887186365e-05,
    "auc_mean": 0.9000485317910938,
    "auc_std": 0.005012691596620226,
    "f1_mean": 0.552860120780003,
    "f1_std": 0.015786977915450272
  },
  "enhanced5": {
    "accuracy_mean": 0.5637,
    "accuracy_std": 0.011276524287208333,
    "inference_time_mean": 0.014701130986213683,
    "inference_time_std": 0.000245315106695674,
    "auc_mean": 0.9058350951874375,
    "auc_std": 0.003180887118525989,
    "f1_mean": 0.5594020512668422,
    "f1_std": 0.011592939829109439
  },
  "enhanced6": {
    "accuracy_mean": 0.5743,
    "accuracy_std": 0.011788129622633082,
    "inference_time_mean": 0.016973772644996644,
    "inference_time_std": 0.0001428953730168319,
    "auc_mean": 0.910425718144133,
    "auc_std": 0.0035233949121544453,
    "f1_mean": 0.5736644878862698,
    "f1_std": 0.012316315512139095
  },
  "enhanced7": {
    "accuracy_mean": 0.5694000000000001,
    "accuracy_std": 0.009156418513807683,
    "inference_time_mean": 0.018722756206989287,
    "inference_time_std": 0.00021741113136847833,
    "auc_mean": 0.9059156916629014,
    "auc_std": 0.004076189290898083,
    "f1_mean": 0.569804671636752,
    "f1_std": 0.009333360384005385
  },
  "enhanced8": {
    "accuracy_mean": 0.5754999999999999,
    "accuracy_std": 0.00922496612459905,
    "inference_time_mean": 0.02041243463754654,
    "inference_time_std": 0.0001456293172786493,
    "auc_mean": 0.9120332715685159,
    "auc_std": 0.0019955381970864932,
    "f1_mean": 0.5739027564761088,
    "f1_std": 0.00717127362652733
  },
  "enhanced9": {
    "accuracy_mean": 0.5743,
    "accuracy_std": 0.009303762679690384,
    "inference_time_mean": 0.022044356167316436,
    "inference_time_std": 0.0003299138592494448,
    "auc_mean": 0.9110821317465113,
    "auc_std": 0.003775113172618086,
    "f1_mean": 0.5730809169877084,
    "f1_std": 0.009538916302837748
  },
  "enhanced10": {
    "accuracy_mean": 0.5847,
    "accuracy_std": 0.013844132331063602,
    "inference_time_mean": 0.02376529723405838,
    "inference_time_std": 6.960503772435898e-05,
    "auc_mean": 0.9124205652501983,
    "auc_std": 0.004257432914106762,
    "f1_mean": 0.5838743820391038,
    "f1_std": 0.014410617767731174
  },
  "enhanced11": {
    "accuracy_mean": 0.5849,
    "accuracy_std": 0.011482160075525868,
    "inference_time_mean": 0.025269733369350435,
    "inference_time_std": 0.00010639680472444262,
    "auc_mean": 0.9142177873251812,
    "auc_std": 0.002802168692064656,
    "f1_mean": 0.5832762868709386,
    "f1_std": 0.013360205202318062
  },
  "enhanced12": {
    "accuracy_mean": 0.5883999999999999,
    "accuracy_std": 0.014238679714074642,
    "inference_time_mean": 0.027629387378692628,
    "inference_time_std": 0.0016162975298767521,
    "auc_mean": 0.9147059090639736,
    "auc_std": 0.002878393897275475,
    "f1_mean": 0.5863026075798731,
    "f1_std": 0.014750786563958802
  },
  "enhanced13": {
    "accuracy_mean": 0.5851,
    "accuracy_std": 0.010016985574512926,
    "inference_time_mean": 0.02840360999107361,
    "inference_time_std": 0.00042954234221684155,
    "auc_mean": 0.9144511808373004,
    "auc_std": 0.0036973696929474735,
    "f1_mean": 0.583660181204847,
    "f1_std": 0.011729677606372205
  },
  "enhanced14": {
    "accuracy_mean": 0.5834999999999999,
    "accuracy_std": 0.00809938269252664,
    "inference_time_mean": 0.029929272830486298,
    "inference_time_std": 0.0003294357173275507,
    "auc_mean": 0.9133201381228208,
    "auc_std": 0.00326134430466469,
    "f1_mean": 0.583585726878647,
    "f1_std": 0.009442567351830963
  },
  "enhanced15": {
    "accuracy_mean": 0.5993,
    "accuracy_std": 0.01094349121624356,
    "inference_time_mean": 0.03149893879890442,
    "inference_time_std": 0.0002652570721591968,
    "auc_mean": 0.9186942069873936,
    "auc_std": 0.001858107460032735,
    "f1_mean": 0.6001421359513228,
    "f1_std": 0.01292556604384655
  }
}