{
  "notrans": {
    "accuracy": {
      "mean": 68.52,
      "std": 2.897861280323819
    },
    "auc": {
      "mean": 0.7584751999999999,
      "std": 0.03040361990553101
    },
    "f1": {
      "mean": 0.6805544584286409,
      "std": 0.033774498775314354
    },
    "min_class_acc": {
      "mean": 59.8,
      "std": 9.829750759810747
    }
  },
  "linearprob": {
    "accuracy": {
      "mean": 66.05999999999999,
      "std": 0.5122499389946273
    },
    "auc": {
      "mean": 0.7266256,
      "std": 0.0017108979630592067
    },
    "f1": {
      "mean": 0.6579613515076526,
      "std": 0.00723511106709848
    },
    "min_class_acc": {
      "mean": 58.35999999999999,
      "std": 4.557894250638116
    }
  },
  "refine": {
    "accuracy": {
      "mean": 70.34,
      "std": 0.9971960689854353
    },
    "auc": {
      "mean": 0.7885652000000001,
      "std": 0.011474969113683894
    },
    "f1": {
      "mean": 0.6995011566467036,
      "std": 0.012156140165529027
    },
    "min_class_acc": {
      "mean": 61.720000000000006,
      "std": 7.518084862516518
    }
  },
  "adapter": {
    "accuracy": {
      "mean": 65.85999999999999,
      "std": 0.31999999999999884
    },
    "auc": {
      "mean": 0.7205600000000001,
      "std": 0.000782643724819918
    },
    "f1": {
      "mean": 0.6577357730468115,
      "std": 0.0036545038509880417
    },
    "min_class_acc": {
      "mean": 61.44000000000001,
      "std": 2.5935304123915732
    }
  }
}