{
  "notrans": {
    "accuracy": {
      "mean": 71.66,
      "std": 1.3632314550361595
    },
    "auc": {
      "mean": 0.7848143999999999,
      "std": 0.01547973903655999
    },
    "f1": {
      "mean": 0.7161476623399823,
      "std": 0.013667246612530541
    },
    "min_class_acc": {
      "mean": 68.60000000000001,
      "std": 2.9718680993610773
    }
  },
  "linearprob": {
    "accuracy": {
      "mean": 66.74000000000001,
      "std": 3.145536520214
    },
    "auc": {
      "mean": 0.7567927999999999,
      "std": 0.027756655752449726
    },
    "f1": {
      "mean": 0.6570739101108742,
      "std": 0.040140293511242646
    },
    "min_class_acc": {
      "mean": 51.56,
      "std": 9.733570773359588
    }
  },
  "refine": {
    "accuracy": {
      "mean": 72.72,
      "std": 1.6521501142450714
    },
    "auc": {
      "mean": 0.8147292,
      "std": 0.013311550088550882
    },
    "f1": {
      "mean": 0.7248192490133996,
      "std": 0.018854377288190494
    },
    "min_class_acc": {
      "mean": 65.52000000000001,
      "std": 6.477777396607572
    }
  },
  "adapter": {
    "accuracy": {
      "mean": 71.34,
      "std": 0.1356465996625031
    },
    "auc": {
      "mean": 0.783896,
      "std": 0.000765349593323267
    },
    "f1": {
      "mean": 0.7110777205184096,
      "std": 0.001529598866344596
    },
    "min_class_acc": {
      "mean": 62.88000000000001,
      "std": 2.9026884090442797
    }
  }
}