{
  "baseline": {
    "acc_mean": 62.074,
    "acc_std": 8.777144410342128,
    "auc_mean": 95.66097442128732,
    "auc_std": 0.7301817844784539,
    "f1_mean": 59.67478472726125,
    "f1_std": 9.687495904742944,
    "minc_mean": 9.286279745127528,
    "minc_std": 12.151209962406195
  },
  "linear": {
    "acc_mean": 66.99600000000001,
    "acc_std": 1.0095266217391181,
    "auc_mean": 94.68769786978837,
    "auc_std": 0.49743837408384456,
    "f1_mean": 65.62769819130364,
    "f1_std": 0.856142090221513,
    "minc_mean": 9.157581764122895,
    "minc_std": 3.5477905445915368
  },
  "enhanced": {
    "acc_mean": 70.046,
    "acc_std": 2.1720828713472264,
    "auc_mean": 95.81763019365235,
    "auc_std": 0.5291440608266313,
    "f1_mean": 69.53635770172475,
    "f1_std": 1.9406377122197687,
    "minc_mean": 31.615655225875464,
    "minc_std": 14.552734836008709
  },
  "adapter": {
    "acc_mean": 61.86600000000001,
    "acc_std": 3.0334046878054375,
    "auc_mean": 93.75228900488892,
    "auc_std": 0.8482848287462688,
    "f1_mean": 59.515069000792025,
    "f1_std": 4.411269299621142,
    "minc_mean": 8.87498293351485,
    "minc_std": 7.242714154088581
  }
}